1:1-1:1 rule.enter Grammar
1:1-1:1 rule.enter   ImportDeclarations
1:1-1:1 rule.enter     ImportDeclaration
1:1-1:1 rule.enter       __
1:1-1:1 rule.enter         WhiteSpace
1:1-1:1 rule.fail          WhiteSpace
1:1-1:1 rule.enter         LineTerminatorSequence
1:1-1:1 rule.fail          LineTerminatorSequence
1:1-1:1 rule.enter         Comment
1:1-1:1 rule.enter           MultiLineComment
1:1-1:1 rule.fail            MultiLineComment
1:1-1:1 rule.enter           SingleLineComment
1:3-1:3 rule.enter             LineTerminator
1:3-1:3 rule.fail              LineTerminator
1:3-1:3 rule.enter             SourceCharacter
1:3-1:4 rule.match             SourceCharacter
1:4-1:4 rule.enter             LineTerminator
1:4-1:4 rule.fail              LineTerminator
1:4-1:4 rule.enter             SourceCharacter
1:4-1:5 rule.match             SourceCharacter
1:5-1:5 rule.enter             LineTerminator
1:5-1:5 rule.fail              LineTerminator
1:5-1:5 rule.enter             SourceCharacter
1:5-1:6 rule.match             SourceCharacter
1:6-1:6 rule.enter             LineTerminator
1:6-1:6 rule.fail              LineTerminator
1:6-1:6 rule.enter             SourceCharacter
1:6-1:7 rule.match             SourceCharacter
1:7-1:7 rule.enter             LineTerminator
1:7-1:7 rule.fail              LineTerminator
1:7-1:7 rule.enter             SourceCharacter
1:7-1:8 rule.match             SourceCharacter
1:8-1:8 rule.enter             LineTerminator
1:8-1:8 rule.fail              LineTerminator
1:8-1:8 rule.enter             SourceCharacter
1:8-1:9 rule.match             SourceCharacter
1:9-1:9 rule.enter             LineTerminator
1:9-1:9 rule.fail              LineTerminator
1:9-1:9 rule.enter             SourceCharacter
1:9-1:10 rule.match             SourceCharacter
1:10-1:10 rule.enter             LineTerminator
1:10-1:10 rule.fail              LineTerminator
1:10-1:10 rule.enter             SourceCharacter
1:10-1:11 rule.match             SourceCharacter
1:11-1:11 rule.enter             LineTerminator
1:11-1:11 rule.fail              LineTerminator
1:11-1:11 rule.enter             SourceCharacter
1:11-1:12 rule.match             SourceCharacter
1:12-1:12 rule.enter             LineTerminator
1:12-1:12 rule.fail              LineTerminator
1:12-1:12 rule.enter             SourceCharacter
1:12-1:13 rule.match             SourceCharacter
1:13-1:13 rule.enter             LineTerminator
1:13-1:13 rule.fail              LineTerminator
1:13-1:13 rule.enter             SourceCharacter
1:13-1:14 rule.match             SourceCharacter
1:14-1:14 rule.enter             LineTerminator
1:14-1:14 rule.fail              LineTerminator
1:14-1:14 rule.enter             SourceCharacter
1:14-1:15 rule.match             SourceCharacter
1:15-1:15 rule.enter             LineTerminator
1:15-1:15 rule.fail              LineTerminator
1:15-1:15 rule.enter             SourceCharacter
1:15-1:16 rule.match             SourceCharacter
1:16-1:16 rule.enter             LineTerminator
1:16-1:16 rule.fail              LineTerminator
1:16-1:16 rule.enter             SourceCharacter
1:16-1:17 rule.match             SourceCharacter
1:17-1:17 rule.enter             LineTerminator
1:17-1:17 rule.fail              LineTerminator
1:17-1:17 rule.enter             SourceCharacter
1:17-1:18 rule.match             SourceCharacter
1:18-1:18 rule.enter             LineTerminator
1:18-1:18 rule.fail              LineTerminator
1:18-1:18 rule.enter             SourceCharacter
1:18-1:19 rule.match             SourceCharacter
1:19-1:19 rule.enter             LineTerminator
1:19-1:19 rule.fail              LineTerminator
1:19-1:19 rule.enter             SourceCharacter
1:19-1:20 rule.match             SourceCharacter
1:20-1:20 rule.enter             LineTerminator
1:20-1:20 rule.fail              LineTerminator
1:20-1:20 rule.enter             SourceCharacter
1:20-1:21 rule.match             SourceCharacter
1:21-1:21 rule.enter             LineTerminator
1:21-1:21 rule.fail              LineTerminator
1:21-1:21 rule.enter             SourceCharacter
1:21-1:22 rule.match             SourceCharacter
1:22-1:22 rule.enter             LineTerminator
1:22-1:22 rule.fail              LineTerminator
1:22-1:22 rule.enter             SourceCharacter
1:22-1:23 rule.match             SourceCharacter
1:23-1:23 rule.enter             LineTerminator
1:23-1:23 rule.fail              LineTerminator
1:23-1:23 rule.enter             SourceCharacter
1:23-1:24 rule.match             SourceCharacter
1:24-1:24 rule.enter             LineTerminator
1:24-1:24 rule.fail              LineTerminator
1:24-1:24 rule.enter             SourceCharacter
1:24-1:25 rule.match             SourceCharacter
1:25-1:25 rule.enter             LineTerminator
1:25-1:25 rule.fail              LineTerminator
1:25-1:25 rule.enter             SourceCharacter
1:25-1:26 rule.match             SourceCharacter
1:26-1:26 rule.enter             LineTerminator
1:26-1:26 rule.fail              LineTerminator
1:26-1:26 rule.enter             SourceCharacter
1:26-1:27 rule.match             SourceCharacter
1:27-1:27 rule.enter             LineTerminator
1:27-1:27 rule.fail              LineTerminator
1:27-1:27 rule.enter             SourceCharacter
1:27-1:28 rule.match             SourceCharacter
1:28-1:28 rule.enter             LineTerminator
1:28-1:28 rule.fail              LineTerminator
1:28-1:28 rule.enter             SourceCharacter
1:28-1:29 rule.match             SourceCharacter
1:29-1:29 rule.enter             LineTerminator
1:29-1:29 rule.fail              LineTerminator
1:29-1:29 rule.enter             SourceCharacter
1:29-1:30 rule.match             SourceCharacter
1:30-1:30 rule.enter             LineTerminator
1:30-1:30 rule.fail              LineTerminator
1:30-1:30 rule.enter             SourceCharacter
1:30-1:31 rule.match             SourceCharacter
1:31-1:31 rule.enter             LineTerminator
1:31-1:31 rule.fail              LineTerminator
1:31-1:31 rule.enter             SourceCharacter
1:31-1:32 rule.match             SourceCharacter
1:32-1:32 rule.enter             LineTerminator
1:32-1:32 rule.fail              LineTerminator
1:32-1:32 rule.enter             SourceCharacter
1:32-1:33 rule.match             SourceCharacter
1:33-1:33 rule.enter             LineTerminator
1:33-1:33 rule.fail              LineTerminator
1:33-1:33 rule.enter             SourceCharacter
1:33-1:34 rule.match             SourceCharacter
1:34-1:34 rule.enter             LineTerminator
1:34-1:34 rule.fail              LineTerminator
1:34-1:34 rule.enter             SourceCharacter
1:34-1:35 rule.match             SourceCharacter
1:35-1:35 rule.enter             LineTerminator
1:35-1:35 rule.fail              LineTerminator
1:35-1:35 rule.enter             SourceCharacter
1:35-1:36 rule.match             SourceCharacter
1:36-1:36 rule.enter             LineTerminator
1:36-1:36 rule.fail              LineTerminator
1:36-1:36 rule.enter             SourceCharacter
1:36-1:37 rule.match             SourceCharacter
1:37-1:37 rule.enter             LineTerminator
1:37-1:37 rule.fail              LineTerminator
1:37-1:37 rule.enter             SourceCharacter
1:37-1:38 rule.match             SourceCharacter
1:38-1:38 rule.enter             LineTerminator
1:38-1:38 rule.fail              LineTerminator
1:38-1:38 rule.enter             SourceCharacter
1:38-1:39 rule.match             SourceCharacter
1:39-1:39 rule.enter             LineTerminator
1:39-2:1 rule.match             LineTerminator
1:1-1:39 rule.match           SingleLineComment
1:1-1:39 rule.match         Comment
1:39-1:39 rule.enter         WhiteSpace
1:39-1:39 rule.fail          WhiteSpace
1:39-1:39 rule.enter         LineTerminatorSequence
1:39-2:1 rule.match         LineTerminatorSequence
2:1-2:1 rule.enter         WhiteSpace
2:1-2:1 rule.fail          WhiteSpace
2:1-2:1 rule.enter         LineTerminatorSequence
2:1-3:1 rule.match         LineTerminatorSequence
3:1-3:1 rule.enter         WhiteSpace
3:1-3:1 rule.fail          WhiteSpace
3:1-3:1 rule.enter         LineTerminatorSequence
3:1-3:1 rule.fail          LineTerminatorSequence
3:1-3:1 rule.enter         Comment
3:1-3:1 rule.enter           MultiLineComment
3:1-3:1 rule.fail            MultiLineComment
3:1-3:1 rule.enter           SingleLineComment
3:1-3:1 rule.fail            SingleLineComment
3:1-3:1 rule.fail          Comment
1:1-3:1 rule.match       __
1:1-1:1 rule.enter       __
1:1-1:1 rule.enter         WhiteSpace
1:1-1:1 rule.fail          WhiteSpace
1:1-1:1 rule.enter         LineTerminatorSequence
1:1-1:1 rule.fail          LineTerminatorSequence
1:1-1:1 rule.enter         Comment
1:1-1:1 rule.enter           MultiLineComment
1:1-1:1 rule.fail            MultiLineComment
1:1-1:1 rule.enter           SingleLineComment
1:3-1:3 rule.enter             LineTerminator
1:3-1:3 rule.fail              LineTerminator
1:3-1:3 rule.enter             SourceCharacter
1:3-1:4 rule.match             SourceCharacter
1:4-1:4 rule.enter             LineTerminator
1:4-1:4 rule.fail              LineTerminator
1:4-1:4 rule.enter             SourceCharacter
1:4-1:5 rule.match             SourceCharacter
1:5-1:5 rule.enter             LineTerminator
1:5-1:5 rule.fail              LineTerminator
1:5-1:5 rule.enter             SourceCharacter
1:5-1:6 rule.match             SourceCharacter
1:6-1:6 rule.enter             LineTerminator
1:6-1:6 rule.fail              LineTerminator
1:6-1:6 rule.enter             SourceCharacter
1:6-1:7 rule.match             SourceCharacter
1:7-1:7 rule.enter             LineTerminator
1:7-1:7 rule.fail              LineTerminator
1:7-1:7 rule.enter             SourceCharacter
1:7-1:8 rule.match             SourceCharacter
1:8-1:8 rule.enter             LineTerminator
1:8-1:8 rule.fail              LineTerminator
1:8-1:8 rule.enter             SourceCharacter
1:8-1:9 rule.match             SourceCharacter
1:9-1:9 rule.enter             LineTerminator
1:9-1:9 rule.fail              LineTerminator
1:9-1:9 rule.enter             SourceCharacter
1:9-1:10 rule.match             SourceCharacter
1:10-1:10 rule.enter             LineTerminator
1:10-1:10 rule.fail              LineTerminator
1:10-1:10 rule.enter             SourceCharacter
1:10-1:11 rule.match             SourceCharacter
1:11-1:11 rule.enter             LineTerminator
1:11-1:11 rule.fail              LineTerminator
1:11-1:11 rule.enter             SourceCharacter
1:11-1:12 rule.match             SourceCharacter
1:12-1:12 rule.enter             LineTerminator
1:12-1:12 rule.fail              LineTerminator
1:12-1:12 rule.enter             SourceCharacter
1:12-1:13 rule.match             SourceCharacter
1:13-1:13 rule.enter             LineTerminator
1:13-1:13 rule.fail              LineTerminator
1:13-1:13 rule.enter             SourceCharacter
1:13-1:14 rule.match             SourceCharacter
1:14-1:14 rule.enter             LineTerminator
1:14-1:14 rule.fail              LineTerminator
1:14-1:14 rule.enter             SourceCharacter
1:14-1:15 rule.match             SourceCharacter
1:15-1:15 rule.enter             LineTerminator
1:15-1:15 rule.fail              LineTerminator
1:15-1:15 rule.enter             SourceCharacter
1:15-1:16 rule.match             SourceCharacter
1:16-1:16 rule.enter             LineTerminator
1:16-1:16 rule.fail              LineTerminator
1:16-1:16 rule.enter             SourceCharacter
1:16-1:17 rule.match             SourceCharacter
1:17-1:17 rule.enter             LineTerminator
1:17-1:17 rule.fail              LineTerminator
1:17-1:17 rule.enter             SourceCharacter
1:17-1:18 rule.match             SourceCharacter
1:18-1:18 rule.enter             LineTerminator
1:18-1:18 rule.fail              LineTerminator
1:18-1:18 rule.enter             SourceCharacter
1:18-1:19 rule.match             SourceCharacter
1:19-1:19 rule.enter             LineTerminator
1:19-1:19 rule.fail              LineTerminator
1:19-1:19 rule.enter             SourceCharacter
1:19-1:20 rule.match             SourceCharacter
1:20-1:20 rule.enter             LineTerminator
1:20-1:20 rule.fail              LineTerminator
1:20-1:20 rule.enter             SourceCharacter
1:20-1:21 rule.match             SourceCharacter
1:21-1:21 rule.enter             LineTerminator
1:21-1:21 rule.fail              LineTerminator
1:21-1:21 rule.enter             SourceCharacter
1:21-1:22 rule.match             SourceCharacter
1:22-1:22 rule.enter             LineTerminator
1:22-1:22 rule.fail              LineTerminator
1:22-1:22 rule.enter             SourceCharacter
1:22-1:23 rule.match             SourceCharacter
1:23-1:23 rule.enter             LineTerminator
1:23-1:23 rule.fail              LineTerminator
1:23-1:23 rule.enter             SourceCharacter
1:23-1:24 rule.match             SourceCharacter
1:24-1:24 rule.enter             LineTerminator
1:24-1:24 rule.fail              LineTerminator
1:24-1:24 rule.enter             SourceCharacter
1:24-1:25 rule.match             SourceCharacter
1:25-1:25 rule.enter             LineTerminator
1:25-1:25 rule.fail              LineTerminator
1:25-1:25 rule.enter             SourceCharacter
1:25-1:26 rule.match             SourceCharacter
1:26-1:26 rule.enter             LineTerminator
1:26-1:26 rule.fail              LineTerminator
1:26-1:26 rule.enter             SourceCharacter
1:26-1:27 rule.match             SourceCharacter
1:27-1:27 rule.enter             LineTerminator
1:27-1:27 rule.fail              LineTerminator
1:27-1:27 rule.enter             SourceCharacter
1:27-1:28 rule.match             SourceCharacter
1:28-1:28 rule.enter             LineTerminator
1:28-1:28 rule.fail              LineTerminator
1:28-1:28 rule.enter             SourceCharacter
1:28-1:29 rule.match             SourceCharacter
1:29-1:29 rule.enter             LineTerminator
1:29-1:29 rule.fail              LineTerminator
1:29-1:29 rule.enter             SourceCharacter
1:29-1:30 rule.match             SourceCharacter
1:30-1:30 rule.enter             LineTerminator
1:30-1:30 rule.fail              LineTerminator
1:30-1:30 rule.enter             SourceCharacter
1:30-1:31 rule.match             SourceCharacter
1:31-1:31 rule.enter             LineTerminator
1:31-1:31 rule.fail              LineTerminator
1:31-1:31 rule.enter             SourceCharacter
1:31-1:32 rule.match             SourceCharacter
1:32-1:32 rule.enter             LineTerminator
1:32-1:32 rule.fail              LineTerminator
1:32-1:32 rule.enter             SourceCharacter
1:32-1:33 rule.match             SourceCharacter
1:33-1:33 rule.enter             LineTerminator
1:33-1:33 rule.fail              LineTerminator
1:33-1:33 rule.enter             SourceCharacter
1:33-1:34 rule.match             SourceCharacter
1:34-1:34 rule.enter             LineTerminator
1:34-1:34 rule.fail              LineTerminator
1:34-1:34 rule.enter             SourceCharacter
1:34-1:35 rule.match             SourceCharacter
1:35-1:35 rule.enter             LineTerminator
1:35-1:35 rule.fail              LineTerminator
1:35-1:35 rule.enter             SourceCharacter
1:35-1:36 rule.match             SourceCharacter
1:36-1:36 rule.enter             LineTerminator
1:36-1:36 rule.fail              LineTerminator
1:36-1:36 rule.enter             SourceCharacter
1:36-1:37 rule.match             SourceCharacter
1:37-1:37 rule.enter             LineTerminator
1:37-1:37 rule.fail              LineTerminator
1:37-1:37 rule.enter             SourceCharacter
1:37-1:38 rule.match             SourceCharacter
1:38-1:38 rule.enter             LineTerminator
1:38-1:38 rule.fail              LineTerminator
1:38-1:38 rule.enter             SourceCharacter
1:38-1:39 rule.match             SourceCharacter
1:39-1:39 rule.enter             LineTerminator
1:39-2:1 rule.match             LineTerminator
1:1-1:39 rule.match           SingleLineComment
1:1-1:39 rule.match         Comment
1:39-1:39 rule.enter         WhiteSpace
1:39-1:39 rule.fail          WhiteSpace
1:39-1:39 rule.enter         LineTerminatorSequence
1:39-2:1 rule.match         LineTerminatorSequence
2:1-2:1 rule.enter         WhiteSpace
2:1-2:1 rule.fail          WhiteSpace
2:1-2:1 rule.enter         LineTerminatorSequence
2:1-3:1 rule.match         LineTerminatorSequence
3:1-3:1 rule.enter         WhiteSpace
3:1-3:1 rule.fail          WhiteSpace
3:1-3:1 rule.enter         LineTerminatorSequence
3:1-3:1 rule.fail          LineTerminatorSequence
3:1-3:1 rule.enter         Comment
3:1-3:1 rule.enter           MultiLineComment
3:1-3:1 rule.fail            MultiLineComment
3:1-3:1 rule.enter           SingleLineComment
3:1-3:1 rule.fail            SingleLineComment
3:1-3:1 rule.fail          Comment
1:1-3:1 rule.match       __
1:1-1:1 rule.fail      ImportDeclaration
1:1-1:1 rule.match   ImportDeclarations
1:1-1:1 rule.enter   __
1:1-1:1 rule.enter     WhiteSpace
1:1-1:1 rule.fail      WhiteSpace
1:1-1:1 rule.enter     LineTerminatorSequence
1:1-1:1 rule.fail      LineTerminatorSequence
1:1-1:1 rule.enter     Comment
1:1-1:1 rule.enter       MultiLineComment
1:1-1:1 rule.fail        MultiLineComment
1:1-1:1 rule.enter       SingleLineComment
1:3-1:3 rule.enter         LineTerminator
1:3-1:3 rule.fail          LineTerminator
1:3-1:3 rule.enter         SourceCharacter
1:3-1:4 rule.match         SourceCharacter
1:4-1:4 rule.enter         LineTerminator
1:4-1:4 rule.fail          LineTerminator
1:4-1:4 rule.enter         SourceCharacter
1:4-1:5 rule.match         SourceCharacter
1:5-1:5 rule.enter         LineTerminator
1:5-1:5 rule.fail          LineTerminator
1:5-1:5 rule.enter         SourceCharacter
1:5-1:6 rule.match         SourceCharacter
1:6-1:6 rule.enter         LineTerminator
1:6-1:6 rule.fail          LineTerminator
1:6-1:6 rule.enter         SourceCharacter
1:6-1:7 rule.match         SourceCharacter
1:7-1:7 rule.enter         LineTerminator
1:7-1:7 rule.fail          LineTerminator
1:7-1:7 rule.enter         SourceCharacter
1:7-1:8 rule.match         SourceCharacter
1:8-1:8 rule.enter         LineTerminator
1:8-1:8 rule.fail          LineTerminator
1:8-1:8 rule.enter         SourceCharacter
1:8-1:9 rule.match         SourceCharacter
1:9-1:9 rule.enter         LineTerminator
1:9-1:9 rule.fail          LineTerminator
1:9-1:9 rule.enter         SourceCharacter
1:9-1:10 rule.match         SourceCharacter
1:10-1:10 rule.enter         LineTerminator
1:10-1:10 rule.fail          LineTerminator
1:10-1:10 rule.enter         SourceCharacter
1:10-1:11 rule.match         SourceCharacter
1:11-1:11 rule.enter         LineTerminator
1:11-1:11 rule.fail          LineTerminator
1:11-1:11 rule.enter         SourceCharacter
1:11-1:12 rule.match         SourceCharacter
1:12-1:12 rule.enter         LineTerminator
1:12-1:12 rule.fail          LineTerminator
1:12-1:12 rule.enter         SourceCharacter
1:12-1:13 rule.match         SourceCharacter
1:13-1:13 rule.enter         LineTerminator
1:13-1:13 rule.fail          LineTerminator
1:13-1:13 rule.enter         SourceCharacter
1:13-1:14 rule.match         SourceCharacter
1:14-1:14 rule.enter         LineTerminator
1:14-1:14 rule.fail          LineTerminator
1:14-1:14 rule.enter         SourceCharacter
1:14-1:15 rule.match         SourceCharacter
1:15-1:15 rule.enter         LineTerminator
1:15-1:15 rule.fail          LineTerminator
1:15-1:15 rule.enter         SourceCharacter
1:15-1:16 rule.match         SourceCharacter
1:16-1:16 rule.enter         LineTerminator
1:16-1:16 rule.fail          LineTerminator
1:16-1:16 rule.enter         SourceCharacter
1:16-1:17 rule.match         SourceCharacter
1:17-1:17 rule.enter         LineTerminator
1:17-1:17 rule.fail          LineTerminator
1:17-1:17 rule.enter         SourceCharacter
1:17-1:18 rule.match         SourceCharacter
1:18-1:18 rule.enter         LineTerminator
1:18-1:18 rule.fail          LineTerminator
1:18-1:18 rule.enter         SourceCharacter
1:18-1:19 rule.match         SourceCharacter
1:19-1:19 rule.enter         LineTerminator
1:19-1:19 rule.fail          LineTerminator
1:19-1:19 rule.enter         SourceCharacter
1:19-1:20 rule.match         SourceCharacter
1:20-1:20 rule.enter         LineTerminator
1:20-1:20 rule.fail          LineTerminator
1:20-1:20 rule.enter         SourceCharacter
1:20-1:21 rule.match         SourceCharacter
1:21-1:21 rule.enter         LineTerminator
1:21-1:21 rule.fail          LineTerminator
1:21-1:21 rule.enter         SourceCharacter
1:21-1:22 rule.match         SourceCharacter
1:22-1:22 rule.enter         LineTerminator
1:22-1:22 rule.fail          LineTerminator
1:22-1:22 rule.enter         SourceCharacter
1:22-1:23 rule.match         SourceCharacter
1:23-1:23 rule.enter         LineTerminator
1:23-1:23 rule.fail          LineTerminator
1:23-1:23 rule.enter         SourceCharacter
1:23-1:24 rule.match         SourceCharacter
1:24-1:24 rule.enter         LineTerminator
1:24-1:24 rule.fail          LineTerminator
1:24-1:24 rule.enter         SourceCharacter
1:24-1:25 rule.match         SourceCharacter
1:25-1:25 rule.enter         LineTerminator
1:25-1:25 rule.fail          LineTerminator
1:25-1:25 rule.enter         SourceCharacter
1:25-1:26 rule.match         SourceCharacter
1:26-1:26 rule.enter         LineTerminator
1:26-1:26 rule.fail          LineTerminator
1:26-1:26 rule.enter         SourceCharacter
1:26-1:27 rule.match         SourceCharacter
1:27-1:27 rule.enter         LineTerminator
1:27-1:27 rule.fail          LineTerminator
1:27-1:27 rule.enter         SourceCharacter
1:27-1:28 rule.match         SourceCharacter
1:28-1:28 rule.enter         LineTerminator
1:28-1:28 rule.fail          LineTerminator
1:28-1:28 rule.enter         SourceCharacter
1:28-1:29 rule.match         SourceCharacter
1:29-1:29 rule.enter         LineTerminator
1:29-1:29 rule.fail          LineTerminator
1:29-1:29 rule.enter         SourceCharacter
1:29-1:30 rule.match         SourceCharacter
1:30-1:30 rule.enter         LineTerminator
1:30-1:30 rule.fail          LineTerminator
1:30-1:30 rule.enter         SourceCharacter
1:30-1:31 rule.match         SourceCharacter
1:31-1:31 rule.enter         LineTerminator
1:31-1:31 rule.fail          LineTerminator
1:31-1:31 rule.enter         SourceCharacter
1:31-1:32 rule.match         SourceCharacter
1:32-1:32 rule.enter         LineTerminator
1:32-1:32 rule.fail          LineTerminator
1:32-1:32 rule.enter         SourceCharacter
1:32-1:33 rule.match         SourceCharacter
1:33-1:33 rule.enter         LineTerminator
1:33-1:33 rule.fail          LineTerminator
1:33-1:33 rule.enter         SourceCharacter
1:33-1:34 rule.match         SourceCharacter
1:34-1:34 rule.enter         LineTerminator
1:34-1:34 rule.fail          LineTerminator
1:34-1:34 rule.enter         SourceCharacter
1:34-1:35 rule.match         SourceCharacter
1:35-1:35 rule.enter         LineTerminator
1:35-1:35 rule.fail          LineTerminator
1:35-1:35 rule.enter         SourceCharacter
1:35-1:36 rule.match         SourceCharacter
1:36-1:36 rule.enter         LineTerminator
1:36-1:36 rule.fail          LineTerminator
1:36-1:36 rule.enter         SourceCharacter
1:36-1:37 rule.match         SourceCharacter
1:37-1:37 rule.enter         LineTerminator
1:37-1:37 rule.fail          LineTerminator
1:37-1:37 rule.enter         SourceCharacter
1:37-1:38 rule.match         SourceCharacter
1:38-1:38 rule.enter         LineTerminator
1:38-1:38 rule.fail          LineTerminator
1:38-1:38 rule.enter         SourceCharacter
1:38-1:39 rule.match         SourceCharacter
1:39-1:39 rule.enter         LineTerminator
1:39-2:1 rule.match         LineTerminator
1:1-1:39 rule.match       SingleLineComment
1:1-1:39 rule.match     Comment
1:39-1:39 rule.enter     WhiteSpace
1:39-1:39 rule.fail      WhiteSpace
1:39-1:39 rule.enter     LineTerminatorSequence
1:39-2:1 rule.match     LineTerminatorSequence
2:1-2:1 rule.enter     WhiteSpace
2:1-2:1 rule.fail      WhiteSpace
2:1-2:1 rule.enter     LineTerminatorSequence
2:1-3:1 rule.match     LineTerminatorSequence
3:1-3:1 rule.enter     WhiteSpace
3:1-3:1 rule.fail      WhiteSpace
3:1-3:1 rule.enter     LineTerminatorSequence
3:1-3:1 rule.fail      LineTerminatorSequence
3:1-3:1 rule.enter     Comment
3:1-3:1 rule.enter       MultiLineComment
3:1-3:1 rule.fail        MultiLineComment
3:1-3:1 rule.enter       SingleLineComment
3:1-3:1 rule.fail        SingleLineComment
3:1-3:1 rule.fail      Comment
1:1-3:1 rule.match   __
3:1-3:1 rule.enter   TopLevelInitializer
3:1-3:1 rule.fail    TopLevelInitializer
1:1-1:1 rule.enter   __
1:1-1:1 rule.enter     WhiteSpace
1:1-1:1 rule.fail      WhiteSpace
1:1-1:1 rule.enter     LineTerminatorSequence
1:1-1:1 rule.fail      LineTerminatorSequence
1:1-1:1 rule.enter     Comment
1:1-1:1 rule.enter       MultiLineComment
1:1-1:1 rule.fail        MultiLineComment
1:1-1:1 rule.enter       SingleLineComment
1:3-1:3 rule.enter         LineTerminator
1:3-1:3 rule.fail          LineTerminator
1:3-1:3 rule.enter         SourceCharacter
1:3-1:4 rule.match         SourceCharacter
1:4-1:4 rule.enter         LineTerminator
1:4-1:4 rule.fail          LineTerminator
1:4-1:4 rule.enter         SourceCharacter
1:4-1:5 rule.match         SourceCharacter
1:5-1:5 rule.enter         LineTerminator
1:5-1:5 rule.fail          LineTerminator
1:5-1:5 rule.enter         SourceCharacter
1:5-1:6 rule.match         SourceCharacter
1:6-1:6 rule.enter         LineTerminator
1:6-1:6 rule.fail          LineTerminator
1:6-1:6 rule.enter         SourceCharacter
1:6-1:7 rule.match         SourceCharacter
1:7-1:7 rule.enter         LineTerminator
1:7-1:7 rule.fail          LineTerminator
1:7-1:7 rule.enter         SourceCharacter
1:7-1:8 rule.match         SourceCharacter
1:8-1:8 rule.enter         LineTerminator
1:8-1:8 rule.fail          LineTerminator
1:8-1:8 rule.enter         SourceCharacter
1:8-1:9 rule.match         SourceCharacter
1:9-1:9 rule.enter         LineTerminator
1:9-1:9 rule.fail          LineTerminator
1:9-1:9 rule.enter         SourceCharacter
1:9-1:10 rule.match         SourceCharacter
1:10-1:10 rule.enter         LineTerminator
1:10-1:10 rule.fail          LineTerminator
1:10-1:10 rule.enter         SourceCharacter
1:10-1:11 rule.match         SourceCharacter
1:11-1:11 rule.enter         LineTerminator
1:11-1:11 rule.fail          LineTerminator
1:11-1:11 rule.enter         SourceCharacter
1:11-1:12 rule.match         SourceCharacter
1:12-1:12 rule.enter         LineTerminator
1:12-1:12 rule.fail          LineTerminator
1:12-1:12 rule.enter         SourceCharacter
1:12-1:13 rule.match         SourceCharacter
1:13-1:13 rule.enter         LineTerminator
1:13-1:13 rule.fail          LineTerminator
1:13-1:13 rule.enter         SourceCharacter
1:13-1:14 rule.match         SourceCharacter
1:14-1:14 rule.enter         LineTerminator
1:14-1:14 rule.fail          LineTerminator
1:14-1:14 rule.enter         SourceCharacter
1:14-1:15 rule.match         SourceCharacter
1:15-1:15 rule.enter         LineTerminator
1:15-1:15 rule.fail          LineTerminator
1:15-1:15 rule.enter         SourceCharacter
1:15-1:16 rule.match         SourceCharacter
1:16-1:16 rule.enter         LineTerminator
1:16-1:16 rule.fail          LineTerminator
1:16-1:16 rule.enter         SourceCharacter
1:16-1:17 rule.match         SourceCharacter
1:17-1:17 rule.enter         LineTerminator
1:17-1:17 rule.fail          LineTerminator
1:17-1:17 rule.enter         SourceCharacter
1:17-1:18 rule.match         SourceCharacter
1:18-1:18 rule.enter         LineTerminator
1:18-1:18 rule.fail          LineTerminator
1:18-1:18 rule.enter         SourceCharacter
1:18-1:19 rule.match         SourceCharacter
1:19-1:19 rule.enter         LineTerminator
1:19-1:19 rule.fail          LineTerminator
1:19-1:19 rule.enter         SourceCharacter
1:19-1:20 rule.match         SourceCharacter
1:20-1:20 rule.enter         LineTerminator
1:20-1:20 rule.fail          LineTerminator
1:20-1:20 rule.enter         SourceCharacter
1:20-1:21 rule.match         SourceCharacter
1:21-1:21 rule.enter         LineTerminator
1:21-1:21 rule.fail          LineTerminator
1:21-1:21 rule.enter         SourceCharacter
1:21-1:22 rule.match         SourceCharacter
1:22-1:22 rule.enter         LineTerminator
1:22-1:22 rule.fail          LineTerminator
1:22-1:22 rule.enter         SourceCharacter
1:22-1:23 rule.match         SourceCharacter
1:23-1:23 rule.enter         LineTerminator
1:23-1:23 rule.fail          LineTerminator
1:23-1:23 rule.enter         SourceCharacter
1:23-1:24 rule.match         SourceCharacter
1:24-1:24 rule.enter         LineTerminator
1:24-1:24 rule.fail          LineTerminator
1:24-1:24 rule.enter         SourceCharacter
1:24-1:25 rule.match         SourceCharacter
1:25-1:25 rule.enter         LineTerminator
1:25-1:25 rule.fail          LineTerminator
1:25-1:25 rule.enter         SourceCharacter
1:25-1:26 rule.match         SourceCharacter
1:26-1:26 rule.enter         LineTerminator
1:26-1:26 rule.fail          LineTerminator
1:26-1:26 rule.enter         SourceCharacter
1:26-1:27 rule.match         SourceCharacter
1:27-1:27 rule.enter         LineTerminator
1:27-1:27 rule.fail          LineTerminator
1:27-1:27 rule.enter         SourceCharacter
1:27-1:28 rule.match         SourceCharacter
1:28-1:28 rule.enter         LineTerminator
1:28-1:28 rule.fail          LineTerminator
1:28-1:28 rule.enter         SourceCharacter
1:28-1:29 rule.match         SourceCharacter
1:29-1:29 rule.enter         LineTerminator
1:29-1:29 rule.fail          LineTerminator
1:29-1:29 rule.enter         SourceCharacter
1:29-1:30 rule.match         SourceCharacter
1:30-1:30 rule.enter         LineTerminator
1:30-1:30 rule.fail          LineTerminator
1:30-1:30 rule.enter         SourceCharacter
1:30-1:31 rule.match         SourceCharacter
1:31-1:31 rule.enter         LineTerminator
1:31-1:31 rule.fail          LineTerminator
1:31-1:31 rule.enter         SourceCharacter
1:31-1:32 rule.match         SourceCharacter
1:32-1:32 rule.enter         LineTerminator
1:32-1:32 rule.fail          LineTerminator
1:32-1:32 rule.enter         SourceCharacter
1:32-1:33 rule.match         SourceCharacter
1:33-1:33 rule.enter         LineTerminator
1:33-1:33 rule.fail          LineTerminator
1:33-1:33 rule.enter         SourceCharacter
1:33-1:34 rule.match         SourceCharacter
1:34-1:34 rule.enter         LineTerminator
1:34-1:34 rule.fail          LineTerminator
1:34-1:34 rule.enter         SourceCharacter
1:34-1:35 rule.match         SourceCharacter
1:35-1:35 rule.enter         LineTerminator
1:35-1:35 rule.fail          LineTerminator
1:35-1:35 rule.enter         SourceCharacter
1:35-1:36 rule.match         SourceCharacter
1:36-1:36 rule.enter         LineTerminator
1:36-1:36 rule.fail          LineTerminator
1:36-1:36 rule.enter         SourceCharacter
1:36-1:37 rule.match         SourceCharacter
1:37-1:37 rule.enter         LineTerminator
1:37-1:37 rule.fail          LineTerminator
1:37-1:37 rule.enter         SourceCharacter
1:37-1:38 rule.match         SourceCharacter
1:38-1:38 rule.enter         LineTerminator
1:38-1:38 rule.fail          LineTerminator
1:38-1:38 rule.enter         SourceCharacter
1:38-1:39 rule.match         SourceCharacter
1:39-1:39 rule.enter         LineTerminator
1:39-2:1 rule.match         LineTerminator
1:1-1:39 rule.match       SingleLineComment
1:1-1:39 rule.match     Comment
1:39-1:39 rule.enter     WhiteSpace
1:39-1:39 rule.fail      WhiteSpace
1:39-1:39 rule.enter     LineTerminatorSequence
1:39-2:1 rule.match     LineTerminatorSequence
2:1-2:1 rule.enter     WhiteSpace
2:1-2:1 rule.fail      WhiteSpace
2:1-2:1 rule.enter     LineTerminatorSequence
2:1-3:1 rule.match     LineTerminatorSequence
3:1-3:1 rule.enter     WhiteSpace
3:1-3:1 rule.fail      WhiteSpace
3:1-3:1 rule.enter     LineTerminatorSequence
3:1-3:1 rule.fail      LineTerminatorSequence
3:1-3:1 rule.enter     Comment
3:1-3:1 rule.enter       MultiLineComment
3:1-3:1 rule.fail        MultiLineComment
3:1-3:1 rule.enter       SingleLineComment
3:1-3:1 rule.fail        SingleLineComment
3:1-3:1 rule.fail      Comment
1:1-3:1 rule.match   __
3:1-3:1 rule.enter   Initializer
3:1-3:1 rule.enter     CodeBlock
3:1-3:1 rule.fail      CodeBlock
3:1-3:1 rule.fail    Initializer
1:1-1:1 rule.enter   __
1:1-1:1 rule.enter     WhiteSpace
1:1-1:1 rule.fail      WhiteSpace
1:1-1:1 rule.enter     LineTerminatorSequence
1:1-1:1 rule.fail      LineTerminatorSequence
1:1-1:1 rule.enter     Comment
1:1-1:1 rule.enter       MultiLineComment
1:1-1:1 rule.fail        MultiLineComment
1:1-1:1 rule.enter       SingleLineComment
1:3-1:3 rule.enter         LineTerminator
1:3-1:3 rule.fail          LineTerminator
1:3-1:3 rule.enter         SourceCharacter
1:3-1:4 rule.match         SourceCharacter
1:4-1:4 rule.enter         LineTerminator
1:4-1:4 rule.fail          LineTerminator
1:4-1:4 rule.enter         SourceCharacter
1:4-1:5 rule.match         SourceCharacter
1:5-1:5 rule.enter         LineTerminator
1:5-1:5 rule.fail          LineTerminator
1:5-1:5 rule.enter         SourceCharacter
1:5-1:6 rule.match         SourceCharacter
1:6-1:6 rule.enter         LineTerminator
1:6-1:6 rule.fail          LineTerminator
1:6-1:6 rule.enter         SourceCharacter
1:6-1:7 rule.match         SourceCharacter
1:7-1:7 rule.enter         LineTerminator
1:7-1:7 rule.fail          LineTerminator
1:7-1:7 rule.enter         SourceCharacter
1:7-1:8 rule.match         SourceCharacter
1:8-1:8 rule.enter         LineTerminator
1:8-1:8 rule.fail          LineTerminator
1:8-1:8 rule.enter         SourceCharacter
1:8-1:9 rule.match         SourceCharacter
1:9-1:9 rule.enter         LineTerminator
1:9-1:9 rule.fail          LineTerminator
1:9-1:9 rule.enter         SourceCharacter
1:9-1:10 rule.match         SourceCharacter
1:10-1:10 rule.enter         LineTerminator
1:10-1:10 rule.fail          LineTerminator
1:10-1:10 rule.enter         SourceCharacter
1:10-1:11 rule.match         SourceCharacter
1:11-1:11 rule.enter         LineTerminator
1:11-1:11 rule.fail          LineTerminator
1:11-1:11 rule.enter         SourceCharacter
1:11-1:12 rule.match         SourceCharacter
1:12-1:12 rule.enter         LineTerminator
1:12-1:12 rule.fail          LineTerminator
1:12-1:12 rule.enter         SourceCharacter
1:12-1:13 rule.match         SourceCharacter
1:13-1:13 rule.enter         LineTerminator
1:13-1:13 rule.fail          LineTerminator
1:13-1:13 rule.enter         SourceCharacter
1:13-1:14 rule.match         SourceCharacter
1:14-1:14 rule.enter         LineTerminator
1:14-1:14 rule.fail          LineTerminator
1:14-1:14 rule.enter         SourceCharacter
1:14-1:15 rule.match         SourceCharacter
1:15-1:15 rule.enter         LineTerminator
1:15-1:15 rule.fail          LineTerminator
1:15-1:15 rule.enter         SourceCharacter
1:15-1:16 rule.match         SourceCharacter
1:16-1:16 rule.enter         LineTerminator
1:16-1:16 rule.fail          LineTerminator
1:16-1:16 rule.enter         SourceCharacter
1:16-1:17 rule.match         SourceCharacter
1:17-1:17 rule.enter         LineTerminator
1:17-1:17 rule.fail          LineTerminator
1:17-1:17 rule.enter         SourceCharacter
1:17-1:18 rule.match         SourceCharacter
1:18-1:18 rule.enter         LineTerminator
1:18-1:18 rule.fail          LineTerminator
1:18-1:18 rule.enter         SourceCharacter
1:18-1:19 rule.match         SourceCharacter
1:19-1:19 rule.enter         LineTerminator
1:19-1:19 rule.fail          LineTerminator
1:19-1:19 rule.enter         SourceCharacter
1:19-1:20 rule.match         SourceCharacter
1:20-1:20 rule.enter         LineTerminator
1:20-1:20 rule.fail          LineTerminator
1:20-1:20 rule.enter         SourceCharacter
1:20-1:21 rule.match         SourceCharacter
1:21-1:21 rule.enter         LineTerminator
1:21-1:21 rule.fail          LineTerminator
1:21-1:21 rule.enter         SourceCharacter
1:21-1:22 rule.match         SourceCharacter
1:22-1:22 rule.enter         LineTerminator
1:22-1:22 rule.fail          LineTerminator
1:22-1:22 rule.enter         SourceCharacter
1:22-1:23 rule.match         SourceCharacter
1:23-1:23 rule.enter         LineTerminator
1:23-1:23 rule.fail          LineTerminator
1:23-1:23 rule.enter         SourceCharacter
1:23-1:24 rule.match         SourceCharacter
1:24-1:24 rule.enter         LineTerminator
1:24-1:24 rule.fail          LineTerminator
1:24-1:24 rule.enter         SourceCharacter
1:24-1:25 rule.match         SourceCharacter
1:25-1:25 rule.enter         LineTerminator
1:25-1:25 rule.fail          LineTerminator
1:25-1:25 rule.enter         SourceCharacter
1:25-1:26 rule.match         SourceCharacter
1:26-1:26 rule.enter         LineTerminator
1:26-1:26 rule.fail          LineTerminator
1:26-1:26 rule.enter         SourceCharacter
1:26-1:27 rule.match         SourceCharacter
1:27-1:27 rule.enter         LineTerminator
1:27-1:27 rule.fail          LineTerminator
1:27-1:27 rule.enter         SourceCharacter
1:27-1:28 rule.match         SourceCharacter
1:28-1:28 rule.enter         LineTerminator
1:28-1:28 rule.fail          LineTerminator
1:28-1:28 rule.enter         SourceCharacter
1:28-1:29 rule.match         SourceCharacter
1:29-1:29 rule.enter         LineTerminator
1:29-1:29 rule.fail          LineTerminator
1:29-1:29 rule.enter         SourceCharacter
1:29-1:30 rule.match         SourceCharacter
1:30-1:30 rule.enter         LineTerminator
1:30-1:30 rule.fail          LineTerminator
1:30-1:30 rule.enter         SourceCharacter
1:30-1:31 rule.match         SourceCharacter
1:31-1:31 rule.enter         LineTerminator
1:31-1:31 rule.fail          LineTerminator
1:31-1:31 rule.enter         SourceCharacter
1:31-1:32 rule.match         SourceCharacter
1:32-1:32 rule.enter         LineTerminator
1:32-1:32 rule.fail          LineTerminator
1:32-1:32 rule.enter         SourceCharacter
1:32-1:33 rule.match         SourceCharacter
1:33-1:33 rule.enter         LineTerminator
1:33-1:33 rule.fail          LineTerminator
1:33-1:33 rule.enter         SourceCharacter
1:33-1:34 rule.match         SourceCharacter
1:34-1:34 rule.enter         LineTerminator
1:34-1:34 rule.fail          LineTerminator
1:34-1:34 rule.enter         SourceCharacter
1:34-1:35 rule.match         SourceCharacter
1:35-1:35 rule.enter         LineTerminator
1:35-1:35 rule.fail          LineTerminator
1:35-1:35 rule.enter         SourceCharacter
1:35-1:36 rule.match         SourceCharacter
1:36-1:36 rule.enter         LineTerminator
1:36-1:36 rule.fail          LineTerminator
1:36-1:36 rule.enter         SourceCharacter
1:36-1:37 rule.match         SourceCharacter
1:37-1:37 rule.enter         LineTerminator
1:37-1:37 rule.fail          LineTerminator
1:37-1:37 rule.enter         SourceCharacter
1:37-1:38 rule.match         SourceCharacter
1:38-1:38 rule.enter         LineTerminator
1:38-1:38 rule.fail          LineTerminator
1:38-1:38 rule.enter         SourceCharacter
1:38-1:39 rule.match         SourceCharacter
1:39-1:39 rule.enter         LineTerminator
1:39-2:1 rule.match         LineTerminator
1:1-1:39 rule.match       SingleLineComment
1:1-1:39 rule.match     Comment
1:39-1:39 rule.enter     WhiteSpace
1:39-1:39 rule.fail      WhiteSpace
1:39-1:39 rule.enter     LineTerminatorSequence
1:39-2:1 rule.match     LineTerminatorSequence
2:1-2:1 rule.enter     WhiteSpace
2:1-2:1 rule.fail      WhiteSpace
2:1-2:1 rule.enter     LineTerminatorSequence
2:1-3:1 rule.match     LineTerminatorSequence
3:1-3:1 rule.enter     WhiteSpace
3:1-3:1 rule.fail      WhiteSpace
3:1-3:1 rule.enter     LineTerminatorSequence
3:1-3:1 rule.fail      LineTerminatorSequence
3:1-3:1 rule.enter     Comment
3:1-3:1 rule.enter       MultiLineComment
3:1-3:1 rule.fail        MultiLineComment
3:1-3:1 rule.enter       SingleLineComment
3:1-3:1 rule.fail        SingleLineComment
3:1-3:1 rule.fail      Comment
1:1-3:1 rule.match   __
3:1-3:1 rule.enter   Rule
3:5-3:5 rule.enter     _
3:5-3:5 rule.enter       WhiteSpace
3:5-3:6 rule.match       WhiteSpace
3:6-3:6 rule.enter       WhiteSpace
3:6-3:6 rule.fail        WhiteSpace
3:6-3:6 rule.enter       MultiLineCommentNoLineTerminator
3:6-3:6 rule.fail        MultiLineCommentNoLineTerminator
3:5-3:6 rule.match     _
3:6-3:6 rule.enter     IdentifierName
3:6-3:6 rule.enter       IdentifierStart
3:6-3:7 rule.match       IdentifierStart
3:7-3:7 rule.enter       IdentifierPart
3:7-3:7 rule.enter         IdentifierStart
3:7-3:8 rule.match         IdentifierStart
3:7-3:8 rule.match       IdentifierPart
3:8-3:8 rule.enter       IdentifierPart
3:8-3:8 rule.enter         IdentifierStart
3:8-3:9 rule.match         IdentifierStart
3:8-3:9 rule.match       IdentifierPart
3:9-3:9 rule.enter       IdentifierPart
3:9-3:9 rule.enter         IdentifierStart
3:9-3:10 rule.match         IdentifierStart
3:9-3:10 rule.match       IdentifierPart
3:10-3:10 rule.enter       IdentifierPart
3:10-3:10 rule.enter         IdentifierStart
3:10-3:11 rule.match         IdentifierStart
3:10-3:11 rule.match       IdentifierPart
3:11-3:11 rule.enter       IdentifierPart
3:11-3:11 rule.enter         IdentifierStart
3:11-3:12 rule.match         IdentifierStart
3:11-3:12 rule.match       IdentifierPart
3:12-3:12 rule.enter       IdentifierPart
3:12-3:12 rule.enter         IdentifierStart
3:12-3:12 rule.fail          IdentifierStart
3:12-3:12 rule.fail        IdentifierPart
3:6-3:12 rule.match     IdentifierName
3:12-3:12 rule.enter     __
3:12-3:12 rule.enter       WhiteSpace
3:12-3:13 rule.match       WhiteSpace
3:13-3:13 rule.enter       WhiteSpace
3:13-3:13 rule.fail        WhiteSpace
3:13-3:13 rule.enter       LineTerminatorSequence
3:13-3:13 rule.fail        LineTerminatorSequence
3:13-3:13 rule.enter       Comment
3:13-3:13 rule.enter         MultiLineComment
3:13-3:13 rule.fail          MultiLineComment
3:13-3:13 rule.enter         SingleLineComment
3:13-3:13 rule.fail          SingleLineComment
3:13-3:13 rule.fail        Comment
3:12-3:13 rule.match     __
3:13-3:13 rule.enter     __
3:13-3:13 rule.enter       WhiteSpace
3:13-3:13 rule.fail        WhiteSpace
3:13-3:13 rule.enter       LineTerminatorSequence
3:13-3:13 rule.fail        LineTerminatorSequence
3:13-3:13 rule.enter       Comment
3:13-3:13 rule.enter         MultiLineComment
3:13-3:13 rule.fail          MultiLineComment
3:13-3:13 rule.enter         SingleLineComment
3:13-3:13 rule.fail          SingleLineComment
3:13-3:13 rule.fail        Comment
3:13-3:13 rule.match     __
3:14-3:14 rule.enter     __
3:14-3:14 rule.enter       WhiteSpace
3:14-3:15 rule.match       WhiteSpace
3:15-3:15 rule.enter       WhiteSpace
3:15-3:15 rule.fail        WhiteSpace
3:15-3:15 rule.enter       LineTerminatorSequence
3:15-3:15 rule.fail        LineTerminatorSequence
3:15-3:15 rule.enter       Comment
3:15-3:15 rule.enter         MultiLineComment
3:15-3:15 rule.fail          MultiLineComment
3:15-3:15 rule.enter         SingleLineComment
3:15-3:15 rule.fail          SingleLineComment
3:15-3:15 rule.fail        Comment
3:14-3:15 rule.match     __
3:15-3:15 rule.enter     ChoiceExpression
3:15-3:15 rule.enter       ActionExpression
3:15-3:15 rule.enter         SequenceExpression
3:15-3:15 rule.enter           LabeledExpression
3:15-3:15 rule.enter             Pluck
3:15-3:15 rule.fail              Pluck
3:15-3:15 rule.enter             LabelColon
3:15-3:15 rule.enter               IdentifierName
3:15-3:15 rule.enter                 IdentifierStart
3:15-3:15 rule.fail                  IdentifierStart
3:15-3:15 rule.fail                IdentifierName
3:15-3:15 rule.fail              LabelColon
3:15-3:15 rule.enter             PrefixedExpression
3:15-3:15 rule.enter               PrefixedOperator
3:15-3:15 rule.fail                PrefixedOperator
3:15-3:15 rule.enter               SuffixedExpression
3:15-3:15 rule.enter                 PrimaryExpression
3:15-3:15 rule.enter                   LiteralMatcher
3:15-3:15 rule.enter                     StringLiteral
3:15-3:15 rule.fail                      StringLiteral
3:15-3:15 rule.fail                    LiteralMatcher
3:15-3:15 rule.enter                   CharacterClassMatcher
3:15-3:15 rule.fail                    CharacterClassMatcher
3:15-3:15 rule.enter                   AnyMatcher
3:15-3:15 rule.fail                    AnyMatcher
3:15-3:15 rule.enter                   RuleReferenceExpression
3:15-3:15 rule.enter                     IdentifierName
3:15-3:15 rule.enter                       IdentifierStart
3:15-3:15 rule.fail                        IdentifierStart
3:15-3:15 rule.fail                      IdentifierName
3:15-3:15 rule.fail                    RuleReferenceExpression
3:15-3:15 rule.enter                   SemanticPredicateExpression
3:15-3:15 rule.enter                     SemanticPredicateOperator
3:15-3:15 rule.fail                      SemanticPredicateOperator
3:15-3:15 rule.fail                    SemanticPredicateExpression
3:16-3:16 rule.enter                   __
3:16-3:16 rule.enter                     WhiteSpace
3:16-3:16 rule.fail                      WhiteSpace
3:16-3:16 rule.enter                     LineTerminatorSequence
3:16-4:1 rule.match                     LineTerminatorSequence
4:1-4:1 rule.enter                     WhiteSpace
4:1-4:2 rule.match                     WhiteSpace
4:2-4:2 rule.enter                     WhiteSpace
4:2-4:2 rule.fail                      WhiteSpace
4:2-4:2 rule.enter                     LineTerminatorSequence
4:2-4:2 rule.fail                      LineTerminatorSequence
4:2-4:2 rule.enter                     Comment
4:2-4:2 rule.enter                       MultiLineComment
4:2-4:2 rule.fail                        MultiLineComment
4:2-4:2 rule.enter                       SingleLineComment
4:2-4:2 rule.fail                        SingleLineComment
4:2-4:2 rule.fail                      Comment
3:16-4:2 rule.match                   __
4:2-4:2 rule.enter                   ChoiceExpression
4:2-4:2 rule.enter                     ActionExpression
4:2-4:2 rule.enter                       SequenceExpression
4:2-4:2 rule.enter                         LabeledExpression
4:2-4:2 rule.enter                           Pluck
4:2-4:2 rule.fail                            Pluck
4:2-4:2 rule.enter                           LabelColon
4:2-4:2 rule.enter                             IdentifierName
4:2-4:2 rule.enter                               IdentifierStart
4:2-4:3 rule.match                               IdentifierStart
4:3-4:3 rule.enter                               IdentifierPart
4:3-4:3 rule.enter                                 IdentifierStart
4:3-4:4 rule.match                                 IdentifierStart
4:3-4:4 rule.match                               IdentifierPart
4:4-4:4 rule.enter                               IdentifierPart
4:4-4:4 rule.enter                                 IdentifierStart
4:4-4:5 rule.match                                 IdentifierStart
4:4-4:5 rule.match                               IdentifierPart
4:5-4:5 rule.enter                               IdentifierPart
4:5-4:5 rule.enter                                 IdentifierStart
4:5-4:6 rule.match                                 IdentifierStart
4:5-4:6 rule.match                               IdentifierPart
4:6-4:6 rule.enter                               IdentifierPart
4:6-4:6 rule.enter                                 IdentifierStart
4:6-4:7 rule.match                                 IdentifierStart
4:6-4:7 rule.match                               IdentifierPart
4:7-4:7 rule.enter                               IdentifierPart
4:7-4:7 rule.enter                                 IdentifierStart
4:7-4:7 rule.fail                                  IdentifierStart
4:7-4:7 rule.fail                                IdentifierPart
4:2-4:7 rule.match                             IdentifierName
4:7-4:7 rule.enter                             __
4:7-4:7 rule.enter                               WhiteSpace
4:7-4:7 rule.fail                                WhiteSpace
4:7-4:7 rule.enter                               LineTerminatorSequence
4:7-4:7 rule.fail                                LineTerminatorSequence
4:7-4:7 rule.enter                               Comment
4:7-4:7 rule.enter                                 MultiLineComment
4:7-4:7 rule.fail                                  MultiLineComment
4:7-4:7 rule.enter                                 SingleLineComment
4:7-4:7 rule.fail                                  SingleLineComment
4:7-4:7 rule.fail                                Comment
4:7-4:7 rule.match                             __
4:2-4:2 rule.fail                            LabelColon
4:2-4:2 rule.enter                           PrefixedExpression
4:2-4:2 rule.enter                             PrefixedOperator
4:2-4:2 rule.fail                              PrefixedOperator
4:2-4:2 rule.enter                             SuffixedExpression
4:2-4:2 rule.enter                               PrimaryExpression
4:2-4:2 rule.enter                                 LiteralMatcher
4:2-4:2 rule.enter                                   StringLiteral
4:2-4:2 rule.fail                                    StringLiteral
4:2-4:2 rule.fail                                  LiteralMatcher
4:2-4:2 rule.enter                                 CharacterClassMatcher
4:2-4:2 rule.fail                                  CharacterClassMatcher
4:2-4:2 rule.enter                                 AnyMatcher
4:2-4:2 rule.fail                                  AnyMatcher
4:2-4:2 rule.enter                                 RuleReferenceExpression
4:2-4:2 rule.enter                                   IdentifierName
4:2-4:2 rule.enter                                     IdentifierStart
4:2-4:3 rule.match                                     IdentifierStart
4:3-4:3 rule.enter                                     IdentifierPart
4:3-4:3 rule.enter                                       IdentifierStart
4:3-4:4 rule.match                                       IdentifierStart
4:3-4:4 rule.match                                     IdentifierPart
4:4-4:4 rule.enter                                     IdentifierPart
4:4-4:4 rule.enter                                       IdentifierStart
4:4-4:5 rule.match                                       IdentifierStart
4:4-4:5 rule.match                                     IdentifierPart
4:5-4:5 rule.enter                                     IdentifierPart
4:5-4:5 rule.enter                                       IdentifierStart
4:5-4:6 rule.match                                       IdentifierStart
4:5-4:6 rule.match                                     IdentifierPart
4:6-4:6 rule.enter                                     IdentifierPart
4:6-4:6 rule.enter                                       IdentifierStart
4:6-4:7 rule.match                                       IdentifierStart
4:6-4:7 rule.match                                     IdentifierPart
4:7-4:7 rule.enter                                     IdentifierPart
4:7-4:7 rule.enter                                       IdentifierStart
4:7-4:7 rule.fail                                        IdentifierStart
4:7-4:7 rule.fail                                      IdentifierPart
4:2-4:7 rule.match                                   IdentifierName
4:7-4:7 rule.enter                                   __
4:7-4:7 rule.enter                                     WhiteSpace
4:7-4:7 rule.fail                                      WhiteSpace
4:7-4:7 rule.enter                                     LineTerminatorSequence
4:7-4:7 rule.fail                                      LineTerminatorSequence
4:7-4:7 rule.enter                                     Comment
4:7-4:7 rule.enter                                       MultiLineComment
4:7-4:7 rule.fail                                        MultiLineComment
4:7-4:7 rule.enter                                       SingleLineComment
4:7-4:7 rule.fail                                        SingleLineComment
4:7-4:7 rule.fail                                      Comment
4:7-4:7 rule.match                                   __
4:7-4:7 rule.enter                                   StringLiteral
4:7-4:7 rule.fail                                    StringLiteral
4:8-4:8 rule.enter                                   __
4:8-4:8 rule.enter                                     WhiteSpace
4:8-4:8 rule.fail                                      WhiteSpace
4:8-4:8 rule.enter                                     LineTerminatorSequence
4:8-4:8 rule.fail                                      LineTerminatorSequence
4:8-4:8 rule.enter                                     Comment
4:8-4:8 rule.enter                                       MultiLineComment
4:8-4:8 rule.fail                                        MultiLineComment
4:8-4:8 rule.enter                                       SingleLineComment
4:8-4:8 rule.fail                                        SingleLineComment
4:8-4:8 rule.fail                                      Comment
4:8-4:8 rule.match                                   __
4:8-4:8 rule.enter                                   RuleReferenceArgumentList
4:8-4:8 rule.enter                                     RuleReferenceArgument
4:8-4:8 rule.enter                                       IdentifierName
4:8-4:8 rule.enter                                         IdentifierStart
4:8-4:8 rule.fail                                          IdentifierStart
4:8-4:8 rule.fail                                        IdentifierName
4:8-4:8 rule.enter                                       StringLiteral
4:9-4:9 rule.enter                                         DoubleStringCharacter
4:9-4:9 rule.enter                                           SourceCharacter
4:9-4:10 rule.match                                           SourceCharacter
4:9-4:10 rule.match                                         DoubleStringCharacter
4:10-4:10 rule.enter                                         DoubleStringCharacter
4:10-4:10 rule.enter                                           SourceCharacter
4:10-4:11 rule.match                                           SourceCharacter
4:10-4:11 rule.match                                         DoubleStringCharacter
4:11-4:11 rule.enter                                         DoubleStringCharacter
4:11-4:11 rule.enter                                           SourceCharacter
4:11-4:12 rule.match                                           SourceCharacter
4:11-4:12 rule.match                                         DoubleStringCharacter
4:12-4:12 rule.enter                                         DoubleStringCharacter
4:12-4:12 rule.enter                                           SourceCharacter
4:12-4:13 rule.match                                           SourceCharacter
4:12-4:13 rule.match                                         DoubleStringCharacter
4:13-4:13 rule.enter                                         DoubleStringCharacter
4:13-4:13 rule.enter                                           SourceCharacter
4:13-4:14 rule.match                                           SourceCharacter
4:13-4:14 rule.match                                         DoubleStringCharacter
4:14-4:14 rule.enter                                         DoubleStringCharacter
4:14-4:14 rule.enter                                           SourceCharacter
4:14-4:15 rule.match                                           SourceCharacter
4:14-4:15 rule.match                                         DoubleStringCharacter
4:15-4:15 rule.enter                                         DoubleStringCharacter
4:15-4:15 rule.enter                                           SourceCharacter
4:15-4:16 rule.match                                           SourceCharacter
4:15-4:16 rule.match                                         DoubleStringCharacter
4:16-4:16 rule.enter                                         DoubleStringCharacter
4:16-4:16 rule.enter                                           SourceCharacter
4:16-4:17 rule.match                                           SourceCharacter
4:16-4:17 rule.match                                         DoubleStringCharacter
4:17-4:17 rule.enter                                         DoubleStringCharacter
4:17-4:17 rule.enter                                           SourceCharacter
4:17-4:18 rule.match                                           SourceCharacter
4:17-4:18 rule.match                                         DoubleStringCharacter
4:18-4:18 rule.enter                                         DoubleStringCharacter
4:18-4:18 rule.enter                                           SourceCharacter
4:18-4:19 rule.match                                           SourceCharacter
4:18-4:19 rule.match                                         DoubleStringCharacter
4:19-4:19 rule.enter                                         DoubleStringCharacter
4:19-4:19 rule.enter                                           SourceCharacter
4:19-4:20 rule.match                                           SourceCharacter
4:19-4:20 rule.match                                         DoubleStringCharacter
4:20-4:20 rule.enter                                         DoubleStringCharacter
4:20-4:20 rule.enter                                           SourceCharacter
4:20-4:21 rule.match                                           SourceCharacter
4:20-4:21 rule.match                                         DoubleStringCharacter
4:21-4:21 rule.enter                                         DoubleStringCharacter
4:21-4:21 rule.enter                                           SourceCharacter
4:21-4:22 rule.match                                           SourceCharacter
4:21-4:22 rule.match                                         DoubleStringCharacter
4:22-4:22 rule.enter                                         DoubleStringCharacter
4:22-4:22 rule.enter                                           SourceCharacter
4:22-4:23 rule.match                                           SourceCharacter
4:22-4:23 rule.match                                         DoubleStringCharacter
4:23-4:23 rule.enter                                         DoubleStringCharacter
4:23-4:23 rule.enter                                           SourceCharacter
4:23-4:24 rule.match                                           SourceCharacter
4:23-4:24 rule.match                                         DoubleStringCharacter
4:24-4:24 rule.enter                                         DoubleStringCharacter
4:24-4:24 rule.enter                                           LineContinuation
4:24-4:24 rule.fail                                            LineContinuation
4:24-4:24 rule.fail                                          DoubleStringCharacter
4:8-4:25 rule.match                                       StringLiteral
4:8-4:25 rule.match                                     RuleReferenceArgument
4:25-4:25 rule.enter                                     __
4:25-4:25 rule.enter                                       WhiteSpace
4:25-4:25 rule.fail                                        WhiteSpace
4:25-4:25 rule.enter                                       LineTerminatorSequence
4:25-4:25 rule.fail                                        LineTerminatorSequence
4:25-4:25 rule.enter                                       Comment
4:25-4:25 rule.enter                                         MultiLineComment
4:25-4:25 rule.fail                                          MultiLineComment
4:25-4:25 rule.enter                                         SingleLineComment
4:25-4:25 rule.fail                                          SingleLineComment
4:25-4:25 rule.fail                                        Comment
4:25-4:25 rule.match                                     __
4:26-4:26 rule.enter                                     __
4:26-4:26 rule.enter                                       WhiteSpace
4:26-4:27 rule.match                                       WhiteSpace
4:27-4:27 rule.enter                                       WhiteSpace
4:27-4:27 rule.fail                                        WhiteSpace
4:27-4:27 rule.enter                                       LineTerminatorSequence
4:27-4:27 rule.fail                                        LineTerminatorSequence
4:27-4:27 rule.enter                                       Comment
4:27-4:27 rule.enter                                         MultiLineComment
4:27-4:27 rule.fail                                          MultiLineComment
4:27-4:27 rule.enter                                         SingleLineComment
4:27-4:27 rule.fail                                          SingleLineComment
4:27-4:27 rule.fail                                        Comment
4:26-4:27 rule.match                                     __
4:27-4:27 rule.enter                                     RuleReferenceArgument
4:27-4:27 rule.enter                                       IdentifierName
4:27-4:27 rule.enter                                         IdentifierStart
4:27-4:28 rule.match                                         IdentifierStart
4:28-4:28 rule.enter                                         IdentifierPart
4:28-4:28 rule.enter                                           IdentifierStart
4:28-4:29 rule.match                                           IdentifierStart
4:28-4:29 rule.match                                         IdentifierPart
4:29-4:29 rule.enter                                         IdentifierPart
4:29-4:29 rule.enter                                           IdentifierStart
4:29-4:30 rule.match                                           IdentifierStart
4:29-4:30 rule.match                                         IdentifierPart
4:30-4:30 rule.enter                                         IdentifierPart
4:30-4:30 rule.enter                                           IdentifierStart
4:30-4:31 rule.match                                           IdentifierStart
4:30-4:31 rule.match                                         IdentifierPart
4:31-4:31 rule.enter                                         IdentifierPart
4:31-4:31 rule.enter                                           IdentifierStart
4:31-4:32 rule.match                                           IdentifierStart
4:31-4:32 rule.match                                         IdentifierPart
4:32-4:32 rule.enter                                         IdentifierPart
4:32-4:32 rule.enter                                           IdentifierStart
4:32-4:33 rule.match                                           IdentifierStart
4:32-4:33 rule.match                                         IdentifierPart
4:33-4:33 rule.enter                                         IdentifierPart
4:33-4:33 rule.enter                                           IdentifierStart
4:33-4:34 rule.match                                           IdentifierStart
4:33-4:34 rule.match                                         IdentifierPart
4:34-4:34 rule.enter                                         IdentifierPart
4:34-4:34 rule.enter                                           IdentifierStart
4:34-4:34 rule.fail                                            IdentifierStart
4:34-4:34 rule.fail                                          IdentifierPart
4:27-4:34 rule.match                                       IdentifierName
4:27-4:34 rule.match                                     RuleReferenceArgument
4:34-4:34 rule.enter                                     __
4:34-4:34 rule.enter                                       WhiteSpace
4:34-4:34 rule.fail                                        WhiteSpace
4:34-4:34 rule.enter                                       LineTerminatorSequence
4:34-4:34 rule.fail                                        LineTerminatorSequence
4:34-4:34 rule.enter                                       Comment
4:34-4:34 rule.enter                                         MultiLineComment
4:34-4:34 rule.fail                                          MultiLineComment
4:34-4:34 rule.enter                                         SingleLineComment
4:34-4:34 rule.fail                                          SingleLineComment
4:34-4:34 rule.fail                                        Comment
4:34-4:34 rule.match                                     __
4:8-4:34 rule.match                                   RuleReferenceArgumentList
4:34-4:34 rule.enter                                   __
4:34-4:34 rule.enter                                     WhiteSpace
4:34-4:34 rule.fail                                      WhiteSpace
4:34-4:34 rule.enter                                     LineTerminatorSequence
4:34-4:34 rule.fail                                      LineTerminatorSequence
4:34-4:34 rule.enter                                     Comment
4:34-4:34 rule.enter                                       MultiLineComment
4:34-4:34 rule.fail                                        MultiLineComment
4:34-4:34 rule.enter                                       SingleLineComment
4:34-4:34 rule.fail                                        SingleLineComment
4:34-4:34 rule.fail                                      Comment
4:34-4:34 rule.match                                   __
4:2-4:35 rule.match                                 RuleReferenceExpression
4:2-4:35 rule.match                               PrimaryExpression
4:35-4:35 rule.enter                               __
4:35-4:35 rule.enter                                 WhiteSpace
4:35-4:35 rule.fail                                  WhiteSpace
4:35-4:35 rule.enter                                 LineTerminatorSequence
4:35-5:1 rule.match                                 LineTerminatorSequence
5:1-5:1 rule.enter                                 WhiteSpace
5:1-5:2 rule.match                                 WhiteSpace
5:2-5:2 rule.enter                                 WhiteSpace
5:2-5:2 rule.fail                                  WhiteSpace
5:2-5:2 rule.enter                                 LineTerminatorSequence
5:2-5:2 rule.fail                                  LineTerminatorSequence
5:2-5:2 rule.enter                                 Comment
5:2-5:2 rule.enter                                   MultiLineComment
5:2-5:2 rule.fail                                    MultiLineComment
5:2-5:2 rule.enter                                   SingleLineComment
5:2-5:2 rule.fail                                    SingleLineComment
5:2-5:2 rule.fail                                  Comment
4:35-5:2 rule.match                               __
5:2-5:2 rule.enter                               SuffixedOperator
5:2-5:2 rule.fail                                SuffixedOperator
4:2-4:2 rule.enter                               RepeatedExpression
4:2-4:2 rule.enter                                 PrimaryExpression
4:2-4:2 rule.enter                                   LiteralMatcher
4:2-4:2 rule.enter                                     StringLiteral
4:2-4:2 rule.fail                                      StringLiteral
4:2-4:2 rule.fail                                    LiteralMatcher
4:2-4:2 rule.enter                                   CharacterClassMatcher
4:2-4:2 rule.fail                                    CharacterClassMatcher
4:2-4:2 rule.enter                                   AnyMatcher
4:2-4:2 rule.fail                                    AnyMatcher
4:2-4:2 rule.enter                                   RuleReferenceExpression
4:2-4:2 rule.enter                                     IdentifierName
4:2-4:2 rule.enter                                       IdentifierStart
4:2-4:3 rule.match                                       IdentifierStart
4:3-4:3 rule.enter                                       IdentifierPart
4:3-4:3 rule.enter                                         IdentifierStart
4:3-4:4 rule.match                                         IdentifierStart
4:3-4:4 rule.match                                       IdentifierPart
4:4-4:4 rule.enter                                       IdentifierPart
4:4-4:4 rule.enter                                         IdentifierStart
4:4-4:5 rule.match                                         IdentifierStart
4:4-4:5 rule.match                                       IdentifierPart
4:5-4:5 rule.enter                                       IdentifierPart
4:5-4:5 rule.enter                                         IdentifierStart
4:5-4:6 rule.match                                         IdentifierStart
4:5-4:6 rule.match                                       IdentifierPart
4:6-4:6 rule.enter                                       IdentifierPart
4:6-4:6 rule.enter                                         IdentifierStart
4:6-4:7 rule.match                                         IdentifierStart
4:6-4:7 rule.match                                       IdentifierPart
4:7-4:7 rule.enter                                       IdentifierPart
4:7-4:7 rule.enter                                         IdentifierStart
4:7-4:7 rule.fail                                          IdentifierStart
4:7-4:7 rule.fail                                        IdentifierPart
4:2-4:7 rule.match                                     IdentifierName
4:7-4:7 rule.enter                                     __
4:7-4:7 rule.enter                                       WhiteSpace
4:7-4:7 rule.fail                                        WhiteSpace
4:7-4:7 rule.enter                                       LineTerminatorSequence
4:7-4:7 rule.fail                                        LineTerminatorSequence
4:7-4:7 rule.enter                                       Comment
4:7-4:7 rule.enter                                         MultiLineComment
4:7-4:7 rule.fail                                          MultiLineComment
4:7-4:7 rule.enter                                         SingleLineComment
4:7-4:7 rule.fail                                          SingleLineComment
4:7-4:7 rule.fail                                        Comment
4:7-4:7 rule.match                                     __
4:7-4:7 rule.enter                                     StringLiteral
4:7-4:7 rule.fail                                      StringLiteral
4:8-4:8 rule.enter                                     __
4:8-4:8 rule.enter                                       WhiteSpace
4:8-4:8 rule.fail                                        WhiteSpace
4:8-4:8 rule.enter                                       LineTerminatorSequence
4:8-4:8 rule.fail                                        LineTerminatorSequence
4:8-4:8 rule.enter                                       Comment
4:8-4:8 rule.enter                                         MultiLineComment
4:8-4:8 rule.fail                                          MultiLineComment
4:8-4:8 rule.enter                                         SingleLineComment
4:8-4:8 rule.fail                                          SingleLineComment
4:8-4:8 rule.fail                                        Comment
4:8-4:8 rule.match                                     __
4:8-4:8 rule.enter                                     RuleReferenceArgumentList
4:8-4:8 rule.enter                                       RuleReferenceArgument
4:8-4:8 rule.enter                                         IdentifierName
4:8-4:8 rule.enter                                           IdentifierStart
4:8-4:8 rule.fail                                            IdentifierStart
4:8-4:8 rule.fail                                          IdentifierName
4:8-4:8 rule.enter                                         StringLiteral
4:9-4:9 rule.enter                                           DoubleStringCharacter
4:9-4:9 rule.enter                                             SourceCharacter
4:9-4:10 rule.match                                             SourceCharacter
4:9-4:10 rule.match                                           DoubleStringCharacter
4:10-4:10 rule.enter                                           DoubleStringCharacter
4:10-4:10 rule.enter                                             SourceCharacter
4:10-4:11 rule.match                                             SourceCharacter
4:10-4:11 rule.match                                           DoubleStringCharacter
4:11-4:11 rule.enter                                           DoubleStringCharacter
4:11-4:11 rule.enter                                             SourceCharacter
4:11-4:12 rule.match                                             SourceCharacter
4:11-4:12 rule.match                                           DoubleStringCharacter
4:12-4:12 rule.enter                                           DoubleStringCharacter
4:12-4:12 rule.enter                                             SourceCharacter
4:12-4:13 rule.match                                             SourceCharacter
4:12-4:13 rule.match                                           DoubleStringCharacter
4:13-4:13 rule.enter                                           DoubleStringCharacter
4:13-4:13 rule.enter                                             SourceCharacter
4:13-4:14 rule.match                                             SourceCharacter
4:13-4:14 rule.match                                           DoubleStringCharacter
4:14-4:14 rule.enter                                           DoubleStringCharacter
4:14-4:14 rule.enter                                             SourceCharacter
4:14-4:15 rule.match                                             SourceCharacter
4:14-4:15 rule.match                                           DoubleStringCharacter
4:15-4:15 rule.enter                                           DoubleStringCharacter
4:15-4:15 rule.enter                                             SourceCharacter
4:15-4:16 rule.match                                             SourceCharacter
4:15-4:16 rule.match                                           DoubleStringCharacter
4:16-4:16 rule.enter                                           DoubleStringCharacter
4:16-4:16 rule.enter                                             SourceCharacter
4:16-4:17 rule.match                                             SourceCharacter
4:16-4:17 rule.match                                           DoubleStringCharacter
4:17-4:17 rule.enter                                           DoubleStringCharacter
4:17-4:17 rule.enter                                             SourceCharacter
4:17-4:18 rule.match                                             SourceCharacter
4:17-4:18 rule.match                                           DoubleStringCharacter
4:18-4:18 rule.enter                                           DoubleStringCharacter
4:18-4:18 rule.enter                                             SourceCharacter
4:18-4:19 rule.match                                             SourceCharacter
4:18-4:19 rule.match                                           DoubleStringCharacter
4:19-4:19 rule.enter                                           DoubleStringCharacter
4:19-4:19 rule.enter                                             SourceCharacter
4:19-4:20 rule.match                                             SourceCharacter
4:19-4:20 rule.match                                           DoubleStringCharacter
4:20-4:20 rule.enter                                           DoubleStringCharacter
4:20-4:20 rule.enter                                             SourceCharacter
4:20-4:21 rule.match                                             SourceCharacter
4:20-4:21 rule.match                                           DoubleStringCharacter
4:21-4:21 rule.enter                                           DoubleStringCharacter
4:21-4:21 rule.enter                                             SourceCharacter
4:21-4:22 rule.match                                             SourceCharacter
4:21-4:22 rule.match                                           DoubleStringCharacter
4:22-4:22 rule.enter                                           DoubleStringCharacter
4:22-4:22 rule.enter                                             SourceCharacter
4:22-4:23 rule.match                                             SourceCharacter
4:22-4:23 rule.match                                           DoubleStringCharacter
4:23-4:23 rule.enter                                           DoubleStringCharacter
4:23-4:23 rule.enter                                             SourceCharacter
4:23-4:24 rule.match                                             SourceCharacter
4:23-4:24 rule.match                                           DoubleStringCharacter
4:24-4:24 rule.enter                                           DoubleStringCharacter
4:24-4:24 rule.enter                                             LineContinuation
4:24-4:24 rule.fail                                              LineContinuation
4:24-4:24 rule.fail                                            DoubleStringCharacter
4:8-4:25 rule.match                                         StringLiteral
4:8-4:25 rule.match                                       RuleReferenceArgument
4:25-4:25 rule.enter                                       __
4:25-4:25 rule.enter                                         WhiteSpace
4:25-4:25 rule.fail                                          WhiteSpace
4:25-4:25 rule.enter                                         LineTerminatorSequence
4:25-4:25 rule.fail                                          LineTerminatorSequence
4:25-4:25 rule.enter                                         Comment
4:25-4:25 rule.enter                                           MultiLineComment
4:25-4:25 rule.fail                                            MultiLineComment
4:25-4:25 rule.enter                                           SingleLineComment
4:25-4:25 rule.fail                                            SingleLineComment
4:25-4:25 rule.fail                                          Comment
4:25-4:25 rule.match                                       __
4:26-4:26 rule.enter                                       __
4:26-4:26 rule.enter                                         WhiteSpace
4:26-4:27 rule.match                                         WhiteSpace
4:27-4:27 rule.enter                                         WhiteSpace
4:27-4:27 rule.fail                                          WhiteSpace
4:27-4:27 rule.enter                                         LineTerminatorSequence
4:27-4:27 rule.fail                                          LineTerminatorSequence
4:27-4:27 rule.enter                                         Comment
4:27-4:27 rule.enter                                           MultiLineComment
4:27-4:27 rule.fail                                            MultiLineComment
4:27-4:27 rule.enter                                           SingleLineComment
4:27-4:27 rule.fail                                            SingleLineComment
4:27-4:27 rule.fail                                          Comment
4:26-4:27 rule.match                                       __
4:27-4:27 rule.enter                                       RuleReferenceArgument
4:27-4:27 rule.enter                                         IdentifierName
4:27-4:27 rule.enter                                           IdentifierStart
4:27-4:28 rule.match                                           IdentifierStart
4:28-4:28 rule.enter                                           IdentifierPart
4:28-4:28 rule.enter                                             IdentifierStart
4:28-4:29 rule.match                                             IdentifierStart
4:28-4:29 rule.match                                           IdentifierPart
4:29-4:29 rule.enter                                           IdentifierPart
4:29-4:29 rule.enter                                             IdentifierStart
4:29-4:30 rule.match                                             IdentifierStart
4:29-4:30 rule.match                                           IdentifierPart
4:30-4:30 rule.enter                                           IdentifierPart
4:30-4:30 rule.enter                                             IdentifierStart
4:30-4:31 rule.match                                             IdentifierStart
4:30-4:31 rule.match                                           IdentifierPart
4:31-4:31 rule.enter                                           IdentifierPart
4:31-4:31 rule.enter                                             IdentifierStart
4:31-4:32 rule.match                                             IdentifierStart
4:31-4:32 rule.match                                           IdentifierPart
4:32-4:32 rule.enter                                           IdentifierPart
4:32-4:32 rule.enter                                             IdentifierStart
4:32-4:33 rule.match                                             IdentifierStart
4:32-4:33 rule.match                                           IdentifierPart
4:33-4:33 rule.enter                                           IdentifierPart
4:33-4:33 rule.enter                                             IdentifierStart
4:33-4:34 rule.match                                             IdentifierStart
4:33-4:34 rule.match                                           IdentifierPart
4:34-4:34 rule.enter                                           IdentifierPart
4:34-4:34 rule.enter                                             IdentifierStart
4:34-4:34 rule.fail                                              IdentifierStart
4:34-4:34 rule.fail                                            IdentifierPart
4:27-4:34 rule.match                                         IdentifierName
4:27-4:34 rule.match                                       RuleReferenceArgument
4:34-4:34 rule.enter                                       __
4:34-4:34 rule.enter                                         WhiteSpace
4:34-4:34 rule.fail                                          WhiteSpace
4:34-4:34 rule.enter                                         LineTerminatorSequence
4:34-4:34 rule.fail                                          LineTerminatorSequence
4:34-4:34 rule.enter                                         Comment
4:34-4:34 rule.enter                                           MultiLineComment
4:34-4:34 rule.fail                                            MultiLineComment
4:34-4:34 rule.enter                                           SingleLineComment
4:34-4:34 rule.fail                                            SingleLineComment
4:34-4:34 rule.fail                                          Comment
4:34-4:34 rule.match                                       __
4:8-4:34 rule.match                                     RuleReferenceArgumentList
4:34-4:34 rule.enter                                     __
4:34-4:34 rule.enter                                       WhiteSpace
4:34-4:34 rule.fail                                        WhiteSpace
4:34-4:34 rule.enter                                       LineTerminatorSequence
4:34-4:34 rule.fail                                        LineTerminatorSequence
4:34-4:34 rule.enter                                       Comment
4:34-4:34 rule.enter                                         MultiLineComment
4:34-4:34 rule.fail                                          MultiLineComment
4:34-4:34 rule.enter                                         SingleLineComment
4:34-4:34 rule.fail                                          SingleLineComment
4:34-4:34 rule.fail                                        Comment
4:34-4:34 rule.match                                     __
4:2-4:35 rule.match                                   RuleReferenceExpression
4:2-4:35 rule.match                                 PrimaryExpression
4:35-4:35 rule.enter                                 __
4:35-4:35 rule.enter                                   WhiteSpace
4:35-4:35 rule.fail                                    WhiteSpace
4:35-4:35 rule.enter                                   LineTerminatorSequence
4:35-5:1 rule.match                                   LineTerminatorSequence
5:1-5:1 rule.enter                                   WhiteSpace
5:1-5:2 rule.match                                   WhiteSpace
5:2-5:2 rule.enter                                   WhiteSpace
5:2-5:2 rule.fail                                    WhiteSpace
5:2-5:2 rule.enter                                   LineTerminatorSequence
5:2-5:2 rule.fail                                    LineTerminatorSequence
5:2-5:2 rule.enter                                   Comment
5:2-5:2 rule.enter                                     MultiLineComment
5:2-5:2 rule.fail                                      MultiLineComment
5:2-5:2 rule.enter                                     SingleLineComment
5:2-5:2 rule.fail                                      SingleLineComment
5:2-5:2 rule.fail                                    Comment
4:35-5:2 rule.match                                 __
5:3-5:3 rule.enter                                 __
5:3-5:3 rule.enter                                   WhiteSpace
5:3-5:4 rule.match                                   WhiteSpace
5:4-5:4 rule.enter                                   WhiteSpace
5:4-5:4 rule.fail                                    WhiteSpace
5:4-5:4 rule.enter                                   LineTerminatorSequence
5:4-5:4 rule.fail                                    LineTerminatorSequence
5:4-5:4 rule.enter                                   Comment
5:4-5:4 rule.enter                                     MultiLineComment
5:4-5:4 rule.fail                                      MultiLineComment
5:4-5:4 rule.enter                                     SingleLineComment
5:4-5:4 rule.fail                                      SingleLineComment
5:4-5:4 rule.fail                                    Comment
5:3-5:4 rule.match                                 __
5:4-5:4 rule.enter                                 Boundaries
5:4-5:4 rule.enter                                   Boundary
5:4-5:4 rule.enter                                     Integer
5:4-5:4 rule.enter                                       DecimalDigit
5:4-5:4 rule.fail                                        DecimalDigit
5:4-5:4 rule.fail                                      Integer
5:4-5:4 rule.enter                                     IdentifierName
5:4-5:4 rule.enter                                       IdentifierStart
5:4-5:5 rule.match                                       IdentifierStart
5:5-5:5 rule.enter                                       IdentifierPart
5:5-5:5 rule.enter                                         IdentifierStart
5:5-5:6 rule.match                                         IdentifierStart
5:5-5:6 rule.match                                       IdentifierPart
5:6-5:6 rule.enter                                       IdentifierPart
5:6-5:6 rule.enter                                         IdentifierStart
5:6-5:7 rule.match                                         IdentifierStart
5:6-5:7 rule.match                                       IdentifierPart
5:7-5:7 rule.enter                                       IdentifierPart
5:7-5:7 rule.enter                                         IdentifierStart
5:7-5:8 rule.match                                         IdentifierStart
5:7-5:8 rule.match                                       IdentifierPart
5:8-5:8 rule.enter                                       IdentifierPart
5:8-5:8 rule.enter                                         IdentifierStart
5:8-5:9 rule.match                                         IdentifierStart
5:8-5:9 rule.match                                       IdentifierPart
5:9-5:9 rule.enter                                       IdentifierPart
5:9-5:9 rule.enter                                         IdentifierStart
5:9-5:9 rule.fail                                          IdentifierStart
5:9-5:9 rule.fail                                        IdentifierPart
5:4-5:9 rule.match                                     IdentifierName
5:4-5:9 rule.match                                   Boundary
5:9-5:9 rule.enter                                   __
5:9-5:9 rule.enter                                     WhiteSpace
5:9-5:9 rule.fail                                      WhiteSpace
5:9-5:9 rule.enter                                     LineTerminatorSequence
5:9-5:9 rule.fail                                      LineTerminatorSequence
5:9-5:9 rule.enter                                     Comment
5:9-5:9 rule.enter                                       MultiLineComment
5:9-5:9 rule.fail                                        MultiLineComment
5:9-5:9 rule.enter                                       SingleLineComment
5:9-5:9 rule.fail                                        SingleLineComment
5:9-5:9 rule.fail                                      Comment
5:9-5:9 rule.match                                   __
5:4-5:4 rule.enter                                   Boundary
5:4-5:4 rule.enter                                     Integer
5:4-5:4 rule.enter                                       DecimalDigit
5:4-5:4 rule.fail                                        DecimalDigit
5:4-5:4 rule.fail                                      Integer
5:4-5:4 rule.enter                                     IdentifierName
5:4-5:4 rule.enter                                       IdentifierStart
5:4-5:5 rule.match                                       IdentifierStart
5:5-5:5 rule.enter                                       IdentifierPart
5:5-5:5 rule.enter                                         IdentifierStart
5:5-5:6 rule.match                                         IdentifierStart
5:5-5:6 rule.match                                       IdentifierPart
5:6-5:6 rule.enter                                       IdentifierPart
5:6-5:6 rule.enter                                         IdentifierStart
5:6-5:7 rule.match                                         IdentifierStart
5:6-5:7 rule.match                                       IdentifierPart
5:7-5:7 rule.enter                                       IdentifierPart
5:7-5:7 rule.enter                                         IdentifierStart
5:7-5:8 rule.match                                         IdentifierStart
5:7-5:8 rule.match                                       IdentifierPart
5:8-5:8 rule.enter                                       IdentifierPart
5:8-5:8 rule.enter                                         IdentifierStart
5:8-5:9 rule.match                                         IdentifierStart
5:8-5:9 rule.match                                       IdentifierPart
5:9-5:9 rule.enter                                       IdentifierPart
5:9-5:9 rule.enter                                         IdentifierStart
5:9-5:9 rule.fail                                          IdentifierStart
5:9-5:9 rule.fail                                        IdentifierPart
5:4-5:9 rule.match                                     IdentifierName
5:4-5:9 rule.match                                   Boundary
5:4-5:9 rule.match                                 Boundaries
5:9-5:9 rule.enter                                 __
5:9-5:9 rule.enter                                   WhiteSpace
5:9-5:9 rule.fail                                    WhiteSpace
5:9-5:9 rule.enter                                   LineTerminatorSequence
5:9-5:9 rule.fail                                    LineTerminatorSequence
5:9-5:9 rule.enter                                   Comment
5:9-5:9 rule.enter                                     MultiLineComment
5:9-5:9 rule.fail                                      MultiLineComment
5:9-5:9 rule.enter                                     SingleLineComment
5:9-5:9 rule.fail                                      SingleLineComment
5:9-5:9 rule.fail                                    Comment
5:9-5:9 rule.match                                 __
4:2-4:2 rule.fail                                RepeatedExpression
4:2-4:2 rule.enter                               PrimaryExpression
4:2-4:2 rule.enter                                 LiteralMatcher
4:2-4:2 rule.enter                                   StringLiteral
4:2-4:2 rule.fail                                    StringLiteral
4:2-4:2 rule.fail                                  LiteralMatcher
4:2-4:2 rule.enter                                 CharacterClassMatcher
4:2-4:2 rule.fail                                  CharacterClassMatcher
4:2-4:2 rule.enter                                 AnyMatcher
4:2-4:2 rule.fail                                  AnyMatcher
4:2-4:2 rule.enter                                 RuleReferenceExpression
4:2-4:2 rule.enter                                   IdentifierName
4:2-4:2 rule.enter                                     IdentifierStart
4:2-4:3 rule.match                                     IdentifierStart
4:3-4:3 rule.enter                                     IdentifierPart
4:3-4:3 rule.enter                                       IdentifierStart
4:3-4:4 rule.match                                       IdentifierStart
4:3-4:4 rule.match                                     IdentifierPart
4:4-4:4 rule.enter                                     IdentifierPart
4:4-4:4 rule.enter                                       IdentifierStart
4:4-4:5 rule.match                                       IdentifierStart
4:4-4:5 rule.match                                     IdentifierPart
4:5-4:5 rule.enter                                     IdentifierPart
4:5-4:5 rule.enter                                       IdentifierStart
4:5-4:6 rule.match                                       IdentifierStart
4:5-4:6 rule.match                                     IdentifierPart
4:6-4:6 rule.enter                                     IdentifierPart
4:6-4:6 rule.enter                                       IdentifierStart
4:6-4:7 rule.match                                       IdentifierStart
4:6-4:7 rule.match                                     IdentifierPart
4:7-4:7 rule.enter                                     IdentifierPart
4:7-4:7 rule.enter                                       IdentifierStart
4:7-4:7 rule.fail                                        IdentifierStart
4:7-4:7 rule.fail                                      IdentifierPart
4:2-4:7 rule.match                                   IdentifierName
4:7-4:7 rule.enter                                   __
4:7-4:7 rule.enter                                     WhiteSpace
4:7-4:7 rule.fail                                      WhiteSpace
4:7-4:7 rule.enter                                     LineTerminatorSequence
4:7-4:7 rule.fail                                      LineTerminatorSequence
4:7-4:7 rule.enter                                     Comment
4:7-4:7 rule.enter                                       MultiLineComment
4:7-4:7 rule.fail                                        MultiLineComment
4:7-4:7 rule.enter                                       SingleLineComment
4:7-4:7 rule.fail                                        SingleLineComment
4:7-4:7 rule.fail                                      Comment
4:7-4:7 rule.match                                   __
4:7-4:7 rule.enter                                   StringLiteral
4:7-4:7 rule.fail                                    StringLiteral
4:8-4:8 rule.enter                                   __
4:8-4:8 rule.enter                                     WhiteSpace
4:8-4:8 rule.fail                                      WhiteSpace
4:8-4:8 rule.enter                                     LineTerminatorSequence
4:8-4:8 rule.fail                                      LineTerminatorSequence
4:8-4:8 rule.enter                                     Comment
4:8-4:8 rule.enter                                       MultiLineComment
4:8-4:8 rule.fail                                        MultiLineComment
4:8-4:8 rule.enter                                       SingleLineComment
4:8-4:8 rule.fail                                        SingleLineComment
4:8-4:8 rule.fail                                      Comment
4:8-4:8 rule.match                                   __
4:8-4:8 rule.enter                                   RuleReferenceArgumentList
4:8-4:8 rule.enter                                     RuleReferenceArgument
4:8-4:8 rule.enter                                       IdentifierName
4:8-4:8 rule.enter                                         IdentifierStart
4:8-4:8 rule.fail                                          IdentifierStart
4:8-4:8 rule.fail                                        IdentifierName
4:8-4:8 rule.enter                                       StringLiteral
4:9-4:9 rule.enter                                         DoubleStringCharacter
4:9-4:9 rule.enter                                           SourceCharacter
4:9-4:10 rule.match                                           SourceCharacter
4:9-4:10 rule.match                                         DoubleStringCharacter
4:10-4:10 rule.enter                                         DoubleStringCharacter
4:10-4:10 rule.enter                                           SourceCharacter
4:10-4:11 rule.match                                           SourceCharacter
4:10-4:11 rule.match                                         DoubleStringCharacter
4:11-4:11 rule.enter                                         DoubleStringCharacter
4:11-4:11 rule.enter                                           SourceCharacter
4:11-4:12 rule.match                                           SourceCharacter
4:11-4:12 rule.match                                         DoubleStringCharacter
4:12-4:12 rule.enter                                         DoubleStringCharacter
4:12-4:12 rule.enter                                           SourceCharacter
4:12-4:13 rule.match                                           SourceCharacter
4:12-4:13 rule.match                                         DoubleStringCharacter
4:13-4:13 rule.enter                                         DoubleStringCharacter
4:13-4:13 rule.enter                                           SourceCharacter
4:13-4:14 rule.match                                           SourceCharacter
4:13-4:14 rule.match                                         DoubleStringCharacter
4:14-4:14 rule.enter                                         DoubleStringCharacter
4:14-4:14 rule.enter                                           SourceCharacter
4:14-4:15 rule.match                                           SourceCharacter
4:14-4:15 rule.match                                         DoubleStringCharacter
4:15-4:15 rule.enter                                         DoubleStringCharacter
4:15-4:15 rule.enter                                           SourceCharacter
4:15-4:16 rule.match                                           SourceCharacter
4:15-4:16 rule.match                                         DoubleStringCharacter
4:16-4:16 rule.enter                                         DoubleStringCharacter
4:16-4:16 rule.enter                                           SourceCharacter
4:16-4:17 rule.match                                           SourceCharacter
4:16-4:17 rule.match                                         DoubleStringCharacter
4:17-4:17 rule.enter                                         DoubleStringCharacter
4:17-4:17 rule.enter                                           SourceCharacter
4:17-4:18 rule.match                                           SourceCharacter
4:17-4:18 rule.match                                         DoubleStringCharacter
4:18-4:18 rule.enter                                         DoubleStringCharacter
4:18-4:18 rule.enter                                           SourceCharacter
4:18-4:19 rule.match                                           SourceCharacter
4:18-4:19 rule.match                                         DoubleStringCharacter
4:19-4:19 rule.enter                                         DoubleStringCharacter
4:19-4:19 rule.enter                                           SourceCharacter
4:19-4:20 rule.match                                           SourceCharacter
4:19-4:20 rule.match                                         DoubleStringCharacter
4:20-4:20 rule.enter                                         DoubleStringCharacter
4:20-4:20 rule.enter                                           SourceCharacter
4:20-4:21 rule.match                                           SourceCharacter
4:20-4:21 rule.match                                         DoubleStringCharacter
4:21-4:21 rule.enter                                         DoubleStringCharacter
4:21-4:21 rule.enter                                           SourceCharacter
4:21-4:22 rule.match                                           SourceCharacter
4:21-4:22 rule.match                                         DoubleStringCharacter
4:22-4:22 rule.enter                                         DoubleStringCharacter
4:22-4:22 rule.enter                                           SourceCharacter
4:22-4:23 rule.match                                           SourceCharacter
4:22-4:23 rule.match                                         DoubleStringCharacter
4:23-4:23 rule.enter                                         DoubleStringCharacter
4:23-4:23 rule.enter                                           SourceCharacter
4:23-4:24 rule.match                                           SourceCharacter
4:23-4:24 rule.match                                         DoubleStringCharacter
4:24-4:24 rule.enter                                         DoubleStringCharacter
4:24-4:24 rule.enter                                           LineContinuation
4:24-4:24 rule.fail                                            LineContinuation
4:24-4:24 rule.fail                                          DoubleStringCharacter
4:8-4:25 rule.match                                       StringLiteral
4:8-4:25 rule.match                                     RuleReferenceArgument
4:25-4:25 rule.enter                                     __
4:25-4:25 rule.enter                                       WhiteSpace
4:25-4:25 rule.fail                                        WhiteSpace
4:25-4:25 rule.enter                                       LineTerminatorSequence
4:25-4:25 rule.fail                                        LineTerminatorSequence
4:25-4:25 rule.enter                                       Comment
4:25-4:25 rule.enter                                         MultiLineComment
4:25-4:25 rule.fail                                          MultiLineComment
4:25-4:25 rule.enter                                         SingleLineComment
4:25-4:25 rule.fail                                          SingleLineComment
4:25-4:25 rule.fail                                        Comment
4:25-4:25 rule.match                                     __
4:26-4:26 rule.enter                                     __
4:26-4:26 rule.enter                                       WhiteSpace
4:26-4:27 rule.match                                       WhiteSpace
4:27-4:27 rule.enter                                       WhiteSpace
4:27-4:27 rule.fail                                        WhiteSpace
4:27-4:27 rule.enter                                       LineTerminatorSequence
4:27-4:27 rule.fail                                        LineTerminatorSequence
4:27-4:27 rule.enter                                       Comment
4:27-4:27 rule.enter                                         MultiLineComment
4:27-4:27 rule.fail                                          MultiLineComment
4:27-4:27 rule.enter                                         SingleLineComment
4:27-4:27 rule.fail                                          SingleLineComment
4:27-4:27 rule.fail                                        Comment
4:26-4:27 rule.match                                     __
4:27-4:27 rule.enter                                     RuleReferenceArgument
4:27-4:27 rule.enter                                       IdentifierName
4:27-4:27 rule.enter                                         IdentifierStart
4:27-4:28 rule.match                                         IdentifierStart
4:28-4:28 rule.enter                                         IdentifierPart
4:28-4:28 rule.enter                                           IdentifierStart
4:28-4:29 rule.match                                           IdentifierStart
4:28-4:29 rule.match                                         IdentifierPart
4:29-4:29 rule.enter                                         IdentifierPart
4:29-4:29 rule.enter                                           IdentifierStart
4:29-4:30 rule.match                                           IdentifierStart
4:29-4:30 rule.match                                         IdentifierPart
4:30-4:30 rule.enter                                         IdentifierPart
4:30-4:30 rule.enter                                           IdentifierStart
4:30-4:31 rule.match                                           IdentifierStart
4:30-4:31 rule.match                                         IdentifierPart
4:31-4:31 rule.enter                                         IdentifierPart
4:31-4:31 rule.enter                                           IdentifierStart
4:31-4:32 rule.match                                           IdentifierStart
4:31-4:32 rule.match                                         IdentifierPart
4:32-4:32 rule.enter                                         IdentifierPart
4:32-4:32 rule.enter                                           IdentifierStart
4:32-4:33 rule.match                                           IdentifierStart
4:32-4:33 rule.match                                         IdentifierPart
4:33-4:33 rule.enter                                         IdentifierPart
4:33-4:33 rule.enter                                           IdentifierStart
4:33-4:34 rule.match                                           IdentifierStart
4:33-4:34 rule.match                                         IdentifierPart
4:34-4:34 rule.enter                                         IdentifierPart
4:34-4:34 rule.enter                                           IdentifierStart
4:34-4:34 rule.fail                                            IdentifierStart
4:34-4:34 rule.fail                                          IdentifierPart
4:27-4:34 rule.match                                       IdentifierName
4:27-4:34 rule.match                                     RuleReferenceArgument
4:34-4:34 rule.enter                                     __
4:34-4:34 rule.enter                                       WhiteSpace
4:34-4:34 rule.fail                                        WhiteSpace
4:34-4:34 rule.enter                                       LineTerminatorSequence
4:34-4:34 rule.fail                                        LineTerminatorSequence
4:34-4:34 rule.enter                                       Comment
4:34-4:34 rule.enter                                         MultiLineComment
4:34-4:34 rule.fail                                          MultiLineComment
4:34-4:34 rule.enter                                         SingleLineComment
4:34-4:34 rule.fail                                          SingleLineComment
4:34-4:34 rule.fail                                        Comment
4:34-4:34 rule.match                                     __
4:8-4:34 rule.match                                   RuleReferenceArgumentList
4:34-4:34 rule.enter                                   __
4:34-4:34 rule.enter                                     WhiteSpace
4:34-4:34 rule.fail                                      WhiteSpace
4:34-4:34 rule.enter                                     LineTerminatorSequence
4:34-4:34 rule.fail                                      LineTerminatorSequence
4:34-4:34 rule.enter                                     Comment
4:34-4:34 rule.enter                                       MultiLineComment
4:34-4:34 rule.fail                                        MultiLineComment
4:34-4:34 rule.enter                                       SingleLineComment
4:34-4:34 rule.fail                                        SingleLineComment
4:34-4:34 rule.fail                                      Comment
4:34-4:34 rule.match                                   __
4:2-4:35 rule.match                                 RuleReferenceExpression
4:2-4:35 rule.match                               PrimaryExpression
4:2-4:35 rule.match                             SuffixedExpression
4:2-4:35 rule.match                           PrefixedExpression
4:2-4:35 rule.match                         LabeledExpression
4:35-4:35 rule.enter                         __
4:35-4:35 rule.enter                           WhiteSpace
4:35-4:35 rule.fail                            WhiteSpace
4:35-4:35 rule.enter                           LineTerminatorSequence
4:35-5:1 rule.match                           LineTerminatorSequence
5:1-5:1 rule.enter                           WhiteSpace
5:1-5:2 rule.match                           WhiteSpace
5:2-5:2 rule.enter                           WhiteSpace
5:2-5:2 rule.fail                            WhiteSpace
5:2-5:2 rule.enter                           LineTerminatorSequence
5:2-5:2 rule.fail                            LineTerminatorSequence
5:2-5:2 rule.enter                           Comment
5:2-5:2 rule.enter                             MultiLineComment
5:2-5:2 rule.fail                              MultiLineComment
5:2-5:2 rule.enter                             SingleLineComment
5:2-5:2 rule.fail                              SingleLineComment
5:2-5:2 rule.fail                            Comment
4:35-5:2 rule.match                         __
5:2-5:2 rule.enter                         LabeledExpression
5:2-5:2 rule.enter                           Pluck
5:2-5:2 rule.fail                            Pluck
5:2-5:2 rule.enter                           LabelColon
5:2-5:2 rule.enter                             IdentifierName
5:2-5:2 rule.enter                               IdentifierStart
5:2-5:2 rule.fail                                IdentifierStart
5:2-5:2 rule.fail                              IdentifierName
5:2-5:2 rule.fail                            LabelColon
5:2-5:2 rule.enter                           PrefixedExpression
5:2-5:2 rule.enter                             PrefixedOperator
5:2-5:2 rule.fail                              PrefixedOperator
5:2-5:2 rule.enter                             SuffixedExpression
5:2-5:2 rule.enter                               PrimaryExpression
5:2-5:2 rule.enter                                 LiteralMatcher
5:2-5:2 rule.enter                                   StringLiteral
5:2-5:2 rule.fail                                    StringLiteral
5:2-5:2 rule.fail                                  LiteralMatcher
5:2-5:2 rule.enter                                 CharacterClassMatcher
5:2-5:2 rule.fail                                  CharacterClassMatcher
5:2-5:2 rule.enter                                 AnyMatcher
5:2-5:2 rule.fail                                  AnyMatcher
5:2-5:2 rule.enter                                 RuleReferenceExpression
5:2-5:2 rule.enter                                   IdentifierName
5:2-5:2 rule.enter                                     IdentifierStart
5:2-5:2 rule.fail                                      IdentifierStart
5:2-5:2 rule.fail                                    IdentifierName
5:2-5:2 rule.fail                                  RuleReferenceExpression
5:2-5:2 rule.enter                                 SemanticPredicateExpression
5:2-5:2 rule.enter                                   SemanticPredicateOperator
5:2-5:2 rule.fail                                    SemanticPredicateOperator
5:2-5:2 rule.fail                                  SemanticPredicateExpression
5:2-5:2 rule.fail                                PrimaryExpression
5:2-5:2 rule.enter                               RepeatedExpression
5:2-5:2 rule.enter                                 PrimaryExpression
5:2-5:2 rule.enter                                   LiteralMatcher
5:2-5:2 rule.enter                                     StringLiteral
5:2-5:2 rule.fail                                      StringLiteral
5:2-5:2 rule.fail                                    LiteralMatcher
5:2-5:2 rule.enter                                   CharacterClassMatcher
5:2-5:2 rule.fail                                    CharacterClassMatcher
5:2-5:2 rule.enter                                   AnyMatcher
5:2-5:2 rule.fail                                    AnyMatcher
5:2-5:2 rule.enter                                   RuleReferenceExpression
5:2-5:2 rule.enter                                     IdentifierName
5:2-5:2 rule.enter                                       IdentifierStart
5:2-5:2 rule.fail                                        IdentifierStart
5:2-5:2 rule.fail                                      IdentifierName
5:2-5:2 rule.fail                                    RuleReferenceExpression
5:2-5:2 rule.enter                                   SemanticPredicateExpression
5:2-5:2 rule.enter                                     SemanticPredicateOperator
5:2-5:2 rule.fail                                      SemanticPredicateOperator
5:2-5:2 rule.fail                                    SemanticPredicateExpression
5:2-5:2 rule.fail                                  PrimaryExpression
5:2-5:2 rule.fail                                RepeatedExpression
5:2-5:2 rule.enter                               PrimaryExpression
5:2-5:2 rule.enter                                 LiteralMatcher
5:2-5:2 rule.enter                                   StringLiteral
5:2-5:2 rule.fail                                    StringLiteral
5:2-5:2 rule.fail                                  LiteralMatcher
5:2-5:2 rule.enter                                 CharacterClassMatcher
5:2-5:2 rule.fail                                  CharacterClassMatcher
5:2-5:2 rule.enter                                 AnyMatcher
5:2-5:2 rule.fail                                  AnyMatcher
5:2-5:2 rule.enter                                 RuleReferenceExpression
5:2-5:2 rule.enter                                   IdentifierName
5:2-5:2 rule.enter                                     IdentifierStart
5:2-5:2 rule.fail                                      IdentifierStart
5:2-5:2 rule.fail                                    IdentifierName
5:2-5:2 rule.fail                                  RuleReferenceExpression
5:2-5:2 rule.enter                                 SemanticPredicateExpression
5:2-5:2 rule.enter                                   SemanticPredicateOperator
5:2-5:2 rule.fail                                    SemanticPredicateOperator
5:2-5:2 rule.fail                                  SemanticPredicateExpression
5:2-5:2 rule.fail                                PrimaryExpression
5:2-5:2 rule.fail                              SuffixedExpression
5:2-5:2 rule.fail                            PrefixedExpression
5:2-5:2 rule.fail                          LabeledExpression
4:2-4:35 rule.match                       SequenceExpression
4:35-4:35 rule.enter                       __
4:35-4:35 rule.enter                         WhiteSpace
4:35-4:35 rule.fail                          WhiteSpace
4:35-4:35 rule.enter                         LineTerminatorSequence
4:35-5:1 rule.match                         LineTerminatorSequence
5:1-5:1 rule.enter                         WhiteSpace
5:1-5:2 rule.match                         WhiteSpace
5:2-5:2 rule.enter                         WhiteSpace
5:2-5:2 rule.fail                          WhiteSpace
5:2-5:2 rule.enter                         LineTerminatorSequence
5:2-5:2 rule.fail                          LineTerminatorSequence
5:2-5:2 rule.enter                         Comment
5:2-5:2 rule.enter                           MultiLineComment
5:2-5:2 rule.fail                            MultiLineComment
5:2-5:2 rule.enter                           SingleLineComment
5:2-5:2 rule.fail                            SingleLineComment
5:2-5:2 rule.fail                          Comment
4:35-5:2 rule.match                       __
5:2-5:2 rule.enter                       CodeBlock
5:2-5:2 rule.fail                        CodeBlock
4:2-4:35 rule.match                     ActionExpression
4:35-4:35 rule.enter                     __
4:35-4:35 rule.enter                       WhiteSpace
4:35-4:35 rule.fail                        WhiteSpace
4:35-4:35 rule.enter                       LineTerminatorSequence
4:35-5:1 rule.match                       LineTerminatorSequence
5:1-5:1 rule.enter                       WhiteSpace
5:1-5:2 rule.match                       WhiteSpace
5:2-5:2 rule.enter                       WhiteSpace
5:2-5:2 rule.fail                        WhiteSpace
5:2-5:2 rule.enter                       LineTerminatorSequence
5:2-5:2 rule.fail                        LineTerminatorSequence
5:2-5:2 rule.enter                       Comment
5:2-5:2 rule.enter                         MultiLineComment
5:2-5:2 rule.fail                          MultiLineComment
5:2-5:2 rule.enter                         SingleLineComment
5:2-5:2 rule.fail                          SingleLineComment
5:2-5:2 rule.fail                        Comment
4:35-5:2 rule.match                     __
5:3-5:3 rule.enter                     __
5:3-5:3 rule.enter                       WhiteSpace
5:3-5:4 rule.match                       WhiteSpace
5:4-5:4 rule.enter                       WhiteSpace
5:4-5:4 rule.fail                        WhiteSpace
5:4-5:4 rule.enter                       LineTerminatorSequence
5:4-5:4 rule.fail                        LineTerminatorSequence
5:4-5:4 rule.enter                       Comment
5:4-5:4 rule.enter                         MultiLineComment
5:4-5:4 rule.fail                          MultiLineComment
5:4-5:4 rule.enter                         SingleLineComment
5:4-5:4 rule.fail                          SingleLineComment
5:4-5:4 rule.fail                        Comment
5:3-5:4 rule.match                     __
5:4-5:4 rule.enter                     ActionExpression
5:4-5:4 rule.enter                       SequenceExpression
5:4-5:4 rule.enter                         LabeledExpression
5:4-5:4 rule.enter                           Pluck
5:4-5:4 rule.fail                            Pluck
5:4-5:4 rule.enter                           LabelColon
5:4-5:4 rule.enter                             IdentifierName
5:4-5:4 rule.enter                               IdentifierStart
5:4-5:5 rule.match                               IdentifierStart
5:5-5:5 rule.enter                               IdentifierPart
5:5-5:5 rule.enter                                 IdentifierStart
5:5-5:6 rule.match                                 IdentifierStart
5:5-5:6 rule.match                               IdentifierPart
5:6-5:6 rule.enter                               IdentifierPart
5:6-5:6 rule.enter                                 IdentifierStart
5:6-5:7 rule.match                                 IdentifierStart
5:6-5:7 rule.match                               IdentifierPart
5:7-5:7 rule.enter                               IdentifierPart
5:7-5:7 rule.enter                                 IdentifierStart
5:7-5:8 rule.match                                 IdentifierStart
5:7-5:8 rule.match                               IdentifierPart
5:8-5:8 rule.enter                               IdentifierPart
5:8-5:8 rule.enter                                 IdentifierStart
5:8-5:9 rule.match                                 IdentifierStart
5:8-5:9 rule.match                               IdentifierPart
5:9-5:9 rule.enter                               IdentifierPart
5:9-5:9 rule.enter                                 IdentifierStart
5:9-5:9 rule.fail                                  IdentifierStart
5:9-5:9 rule.fail                                IdentifierPart
5:4-5:9 rule.match                             IdentifierName
5:9-5:9 rule.enter                             __
5:9-5:9 rule.enter                               WhiteSpace
5:9-5:9 rule.fail                                WhiteSpace
5:9-5:9 rule.enter                               LineTerminatorSequence
5:9-5:9 rule.fail                                LineTerminatorSequence
5:9-5:9 rule.enter                               Comment
5:9-5:9 rule.enter                                 MultiLineComment
5:9-5:9 rule.fail                                  MultiLineComment
5:9-5:9 rule.enter                                 SingleLineComment
5:9-5:9 rule.fail                                  SingleLineComment
5:9-5:9 rule.fail                                Comment
5:9-5:9 rule.match                             __
5:4-5:4 rule.fail                            LabelColon
5:4-5:4 rule.enter                           PrefixedExpression
5:4-5:4 rule.enter                             PrefixedOperator
5:4-5:4 rule.fail                              PrefixedOperator
5:4-5:4 rule.enter                             SuffixedExpression
5:4-5:4 rule.enter                               PrimaryExpression
5:4-5:4 rule.enter                                 LiteralMatcher
5:4-5:4 rule.enter                                   StringLiteral
5:4-5:4 rule.fail                                    StringLiteral
5:4-5:4 rule.fail                                  LiteralMatcher
5:4-5:4 rule.enter                                 CharacterClassMatcher
5:4-5:4 rule.fail                                  CharacterClassMatcher
5:4-5:4 rule.enter                                 AnyMatcher
5:4-5:4 rule.fail                                  AnyMatcher
5:4-5:4 rule.enter                                 RuleReferenceExpression
5:4-5:4 rule.enter                                   IdentifierName
5:4-5:4 rule.enter                                     IdentifierStart
5:4-5:5 rule.match                                     IdentifierStart
5:5-5:5 rule.enter                                     IdentifierPart
5:5-5:5 rule.enter                                       IdentifierStart
5:5-5:6 rule.match                                       IdentifierStart
5:5-5:6 rule.match                                     IdentifierPart
5:6-5:6 rule.enter                                     IdentifierPart
5:6-5:6 rule.enter                                       IdentifierStart
5:6-5:7 rule.match                                       IdentifierStart
5:6-5:7 rule.match                                     IdentifierPart
5:7-5:7 rule.enter                                     IdentifierPart
5:7-5:7 rule.enter                                       IdentifierStart
5:7-5:8 rule.match                                       IdentifierStart
5:7-5:8 rule.match                                     IdentifierPart
5:8-5:8 rule.enter                                     IdentifierPart
5:8-5:8 rule.enter                                       IdentifierStart
5:8-5:9 rule.match                                       IdentifierStart
5:8-5:9 rule.match                                     IdentifierPart
5:9-5:9 rule.enter                                     IdentifierPart
5:9-5:9 rule.enter                                       IdentifierStart
5:9-5:9 rule.fail                                        IdentifierStart
5:9-5:9 rule.fail                                      IdentifierPart
5:4-5:9 rule.match                                   IdentifierName
5:9-5:9 rule.enter                                   __
5:9-5:9 rule.enter                                     WhiteSpace
5:9-5:9 rule.fail                                      WhiteSpace
5:9-5:9 rule.enter                                     LineTerminatorSequence
5:9-5:9 rule.fail                                      LineTerminatorSequence
5:9-5:9 rule.enter                                     Comment
5:9-5:9 rule.enter                                       MultiLineComment
5:9-5:9 rule.fail                                        MultiLineComment
5:9-5:9 rule.enter                                       SingleLineComment
5:9-5:9 rule.fail                                        SingleLineComment
5:9-5:9 rule.fail                                      Comment
5:9-5:9 rule.match                                   __
5:9-5:9 rule.enter                                   StringLiteral
5:9-5:9 rule.fail                                    StringLiteral
5:10-5:10 rule.enter                                   __
5:10-5:10 rule.enter                                     WhiteSpace
5:10-5:10 rule.fail                                      WhiteSpace
5:10-5:10 rule.enter                                     LineTerminatorSequence
5:10-5:10 rule.fail                                      LineTerminatorSequence
5:10-5:10 rule.enter                                     Comment
5:10-5:10 rule.enter                                       MultiLineComment
5:10-5:10 rule.fail                                        MultiLineComment
5:10-5:10 rule.enter                                       SingleLineComment
5:10-5:10 rule.fail                                        SingleLineComment
5:10-5:10 rule.fail                                      Comment
5:10-5:10 rule.match                                   __
5:10-5:10 rule.enter                                   RuleReferenceArgumentList
5:10-5:10 rule.enter                                     RuleReferenceArgument
5:10-5:10 rule.enter                                       IdentifierName
5:10-5:10 rule.enter                                         IdentifierStart
5:10-5:10 rule.fail                                          IdentifierStart
5:10-5:10 rule.fail                                        IdentifierName
5:10-5:10 rule.enter                                       StringLiteral
5:11-5:11 rule.enter                                         DoubleStringCharacter
5:11-5:11 rule.enter                                           SourceCharacter
5:11-5:12 rule.match                                           SourceCharacter
5:11-5:12 rule.match                                         DoubleStringCharacter
5:12-5:12 rule.enter                                         DoubleStringCharacter
5:12-5:12 rule.enter                                           SourceCharacter
5:12-5:13 rule.match                                           SourceCharacter
5:12-5:13 rule.match                                         DoubleStringCharacter
5:13-5:13 rule.enter                                         DoubleStringCharacter
5:13-5:13 rule.enter                                           SourceCharacter
5:13-5:14 rule.match                                           SourceCharacter
5:13-5:14 rule.match                                         DoubleStringCharacter
5:14-5:14 rule.enter                                         DoubleStringCharacter
5:14-5:14 rule.enter                                           SourceCharacter
5:14-5:15 rule.match                                           SourceCharacter
5:14-5:15 rule.match                                         DoubleStringCharacter
5:15-5:15 rule.enter                                         DoubleStringCharacter
5:15-5:15 rule.enter                                           SourceCharacter
5:15-5:16 rule.match                                           SourceCharacter
5:15-5:16 rule.match                                         DoubleStringCharacter
5:16-5:16 rule.enter                                         DoubleStringCharacter
5:16-5:16 rule.enter                                           SourceCharacter
5:16-5:17 rule.match                                           SourceCharacter
5:16-5:17 rule.match                                         DoubleStringCharacter
5:17-5:17 rule.enter                                         DoubleStringCharacter
5:17-5:17 rule.enter                                           SourceCharacter
5:17-5:18 rule.match                                           SourceCharacter
5:17-5:18 rule.match                                         DoubleStringCharacter
5:18-5:18 rule.enter                                         DoubleStringCharacter
5:18-5:18 rule.enter                                           SourceCharacter
5:18-5:19 rule.match                                           SourceCharacter
5:18-5:19 rule.match                                         DoubleStringCharacter
5:19-5:19 rule.enter                                         DoubleStringCharacter
5:19-5:19 rule.enter                                           SourceCharacter
5:19-5:20 rule.match                                           SourceCharacter
5:19-5:20 rule.match                                         DoubleStringCharacter
5:20-5:20 rule.enter                                         DoubleStringCharacter
5:20-5:20 rule.enter                                           SourceCharacter
5:20-5:21 rule.match                                           SourceCharacter
5:20-5:21 rule.match                                         DoubleStringCharacter
5:21-5:21 rule.enter                                         DoubleStringCharacter
5:21-5:21 rule.enter                                           SourceCharacter
5:21-5:22 rule.match                                           SourceCharacter
5:21-5:22 rule.match                                         DoubleStringCharacter
5:22-5:22 rule.enter                                         DoubleStringCharacter
5:22-5:22 rule.enter                                           SourceCharacter
5:22-5:23 rule.match                                           SourceCharacter
5:22-5:23 rule.match                                         DoubleStringCharacter
5:23-5:23 rule.enter                                         DoubleStringCharacter
5:23-5:23 rule.enter                                           SourceCharacter
5:23-5:24 rule.match                                           SourceCharacter
5:23-5:24 rule.match                                         DoubleStringCharacter
5:24-5:24 rule.enter                                         DoubleStringCharacter
5:24-5:24 rule.enter                                           SourceCharacter
5:24-5:25 rule.match                                           SourceCharacter
5:24-5:25 rule.match                                         DoubleStringCharacter
5:25-5:25 rule.enter                                         DoubleStringCharacter
5:25-5:25 rule.enter                                           LineContinuation
5:25-5:25 rule.fail                                            LineContinuation
5:25-5:25 rule.fail                                          DoubleStringCharacter
5:10-5:26 rule.match                                       StringLiteral
5:10-5:26 rule.match                                     RuleReferenceArgument
5:26-5:26 rule.enter                                     __
5:26-5:26 rule.enter                                       WhiteSpace
5:26-5:26 rule.fail                                        WhiteSpace
5:26-5:26 rule.enter                                       LineTerminatorSequence
5:26-5:26 rule.fail                                        LineTerminatorSequence
5:26-5:26 rule.enter                                       Comment
5:26-5:26 rule.enter                                         MultiLineComment
5:26-5:26 rule.fail                                          MultiLineComment
5:26-5:26 rule.enter                                         SingleLineComment
5:26-5:26 rule.fail                                          SingleLineComment
5:26-5:26 rule.fail                                        Comment
5:26-5:26 rule.match                                     __
5:27-5:27 rule.enter                                     __
5:27-5:27 rule.enter                                       WhiteSpace
5:27-5:28 rule.match                                       WhiteSpace
5:28-5:28 rule.enter                                       WhiteSpace
5:28-5:28 rule.fail                                        WhiteSpace
5:28-5:28 rule.enter                                       LineTerminatorSequence
5:28-5:28 rule.fail                                        LineTerminatorSequence
5:28-5:28 rule.enter                                       Comment
5:28-5:28 rule.enter                                         MultiLineComment
5:28-5:28 rule.fail                                          MultiLineComment
5:28-5:28 rule.enter                                         SingleLineComment
5:28-5:28 rule.fail                                          SingleLineComment
5:28-5:28 rule.fail                                        Comment
5:27-5:28 rule.match                                     __
5:28-5:28 rule.enter                                     RuleReferenceArgument
5:28-5:28 rule.enter                                       IdentifierName
5:28-5:28 rule.enter                                         IdentifierStart
5:28-5:29 rule.match                                         IdentifierStart
5:29-5:29 rule.enter                                         IdentifierPart
5:29-5:29 rule.enter                                           IdentifierStart
5:29-5:30 rule.match                                           IdentifierStart
5:29-5:30 rule.match                                         IdentifierPart
5:30-5:30 rule.enter                                         IdentifierPart
5:30-5:30 rule.enter                                           IdentifierStart
5:30-5:31 rule.match                                           IdentifierStart
5:30-5:31 rule.match                                         IdentifierPart
5:31-5:31 rule.enter                                         IdentifierPart
5:31-5:31 rule.enter                                           IdentifierStart
5:31-5:32 rule.match                                           IdentifierStart
5:31-5:32 rule.match                                         IdentifierPart
5:32-5:32 rule.enter                                         IdentifierPart
5:32-5:32 rule.enter                                           IdentifierStart
5:32-5:33 rule.match                                           IdentifierStart
5:32-5:33 rule.match                                         IdentifierPart
5:33-5:33 rule.enter                                         IdentifierPart
5:33-5:33 rule.enter                                           IdentifierStart
5:33-5:34 rule.match                                           IdentifierStart
5:33-5:34 rule.match                                         IdentifierPart
5:34-5:34 rule.enter                                         IdentifierPart
5:34-5:34 rule.enter                                           IdentifierStart
5:34-5:35 rule.match                                           IdentifierStart
5:34-5:35 rule.match                                         IdentifierPart
5:35-5:35 rule.enter                                         IdentifierPart
5:35-5:35 rule.enter                                           IdentifierStart
5:35-5:35 rule.fail                                            IdentifierStart
5:35-5:35 rule.fail                                          IdentifierPart
5:28-5:35 rule.match                                       IdentifierName
5:28-5:35 rule.match                                     RuleReferenceArgument
5:35-5:35 rule.enter                                     __
5:35-5:35 rule.enter                                       WhiteSpace
5:35-5:35 rule.fail                                        WhiteSpace
5:35-5:35 rule.enter                                       LineTerminatorSequence
5:35-5:35 rule.fail                                        LineTerminatorSequence
5:35-5:35 rule.enter                                       Comment
5:35-5:35 rule.enter                                         MultiLineComment
5:35-5:35 rule.fail                                          MultiLineComment
5:35-5:35 rule.enter                                         SingleLineComment
5:35-5:35 rule.fail                                          SingleLineComment
5:35-5:35 rule.fail                                        Comment
5:35-5:35 rule.match                                     __
5:10-5:35 rule.match                                   RuleReferenceArgumentList
5:35-5:35 rule.enter                                   __
5:35-5:35 rule.enter                                     WhiteSpace
5:35-5:35 rule.fail                                      WhiteSpace
5:35-5:35 rule.enter                                     LineTerminatorSequence
5:35-5:35 rule.fail                                      LineTerminatorSequence
5:35-5:35 rule.enter                                     Comment
5:35-5:35 rule.enter                                       MultiLineComment
5:35-5:35 rule.fail                                        MultiLineComment
5:35-5:35 rule.enter                                       SingleLineComment
5:35-5:35 rule.fail                                        SingleLineComment
5:35-5:35 rule.fail                                      Comment
5:35-5:35 rule.match                                   __
5:4-5:36 rule.match                                 RuleReferenceExpression
5:4-5:36 rule.match                               PrimaryExpression
5:36-5:36 rule.enter                               __
5:36-5:36 rule.enter                                 WhiteSpace
5:36-5:36 rule.fail                                  WhiteSpace
5:36-5:36 rule.enter                                 LineTerminatorSequence
5:36-6:1 rule.match                                 LineTerminatorSequence
6:1-6:1 rule.enter                                 WhiteSpace
6:1-6:1 rule.fail                                  WhiteSpace
6:1-6:1 rule.enter                                 LineTerminatorSequence
6:1-6:1 rule.fail                                  LineTerminatorSequence
6:1-6:1 rule.enter                                 Comment
6:1-6:1 rule.enter                                   MultiLineComment
6:1-6:1 rule.fail                                    MultiLineComment
6:1-6:1 rule.enter                                   SingleLineComment
6:1-6:1 rule.fail                                    SingleLineComment
6:1-6:1 rule.fail                                  Comment
5:36-6:1 rule.match                               __
6:1-6:1 rule.enter                               SuffixedOperator
6:1-6:1 rule.fail                                SuffixedOperator
5:4-5:4 rule.enter                               RepeatedExpression
5:4-5:4 rule.enter                                 PrimaryExpression
5:4-5:4 rule.enter                                   LiteralMatcher
5:4-5:4 rule.enter                                     StringLiteral
5:4-5:4 rule.fail                                      StringLiteral
5:4-5:4 rule.fail                                    LiteralMatcher
5:4-5:4 rule.enter                                   CharacterClassMatcher
5:4-5:4 rule.fail                                    CharacterClassMatcher
5:4-5:4 rule.enter                                   AnyMatcher
5:4-5:4 rule.fail                                    AnyMatcher
5:4-5:4 rule.enter                                   RuleReferenceExpression
5:4-5:4 rule.enter                                     IdentifierName
5:4-5:4 rule.enter                                       IdentifierStart
5:4-5:5 rule.match                                       IdentifierStart
5:5-5:5 rule.enter                                       IdentifierPart
5:5-5:5 rule.enter                                         IdentifierStart
5:5-5:6 rule.match                                         IdentifierStart
5:5-5:6 rule.match                                       IdentifierPart
5:6-5:6 rule.enter                                       IdentifierPart
5:6-5:6 rule.enter                                         IdentifierStart
5:6-5:7 rule.match                                         IdentifierStart
5:6-5:7 rule.match                                       IdentifierPart
5:7-5:7 rule.enter                                       IdentifierPart
5:7-5:7 rule.enter                                         IdentifierStart
5:7-5:8 rule.match                                         IdentifierStart
5:7-5:8 rule.match                                       IdentifierPart
5:8-5:8 rule.enter                                       IdentifierPart
5:8-5:8 rule.enter                                         IdentifierStart
5:8-5:9 rule.match                                         IdentifierStart
5:8-5:9 rule.match                                       IdentifierPart
5:9-5:9 rule.enter                                       IdentifierPart
5:9-5:9 rule.enter                                         IdentifierStart
5:9-5:9 rule.fail                                          IdentifierStart
5:9-5:9 rule.fail                                        IdentifierPart
5:4-5:9 rule.match                                     IdentifierName
5:9-5:9 rule.enter                                     __
5:9-5:9 rule.enter                                       WhiteSpace
5:9-5:9 rule.fail                                        WhiteSpace
5:9-5:9 rule.enter                                       LineTerminatorSequence
5:9-5:9 rule.fail                                        LineTerminatorSequence
5:9-5:9 rule.enter                                       Comment
5:9-5:9 rule.enter                                         MultiLineComment
5:9-5:9 rule.fail                                          MultiLineComment
5:9-5:9 rule.enter                                         SingleLineComment
5:9-5:9 rule.fail                                          SingleLineComment
5:9-5:9 rule.fail                                        Comment
5:9-5:9 rule.match                                     __
5:9-5:9 rule.enter                                     StringLiteral
5:9-5:9 rule.fail                                      StringLiteral
5:10-5:10 rule.enter                                     __
5:10-5:10 rule.enter                                       WhiteSpace
5:10-5:10 rule.fail                                        WhiteSpace
5:10-5:10 rule.enter                                       LineTerminatorSequence
5:10-5:10 rule.fail                                        LineTerminatorSequence
5:10-5:10 rule.enter                                       Comment
5:10-5:10 rule.enter                                         MultiLineComment
5:10-5:10 rule.fail                                          MultiLineComment
5:10-5:10 rule.enter                                         SingleLineComment
5:10-5:10 rule.fail                                          SingleLineComment
5:10-5:10 rule.fail                                        Comment
5:10-5:10 rule.match                                     __
5:10-5:10 rule.enter                                     RuleReferenceArgumentList
5:10-5:10 rule.enter                                       RuleReferenceArgument
5:10-5:10 rule.enter                                         IdentifierName
5:10-5:10 rule.enter                                           IdentifierStart
5:10-5:10 rule.fail                                            IdentifierStart
5:10-5:10 rule.fail                                          IdentifierName
5:10-5:10 rule.enter                                         StringLiteral
5:11-5:11 rule.enter                                           DoubleStringCharacter
5:11-5:11 rule.enter                                             SourceCharacter
5:11-5:12 rule.match                                             SourceCharacter
5:11-5:12 rule.match                                           DoubleStringCharacter
5:12-5:12 rule.enter                                           DoubleStringCharacter
5:12-5:12 rule.enter                                             SourceCharacter
5:12-5:13 rule.match                                             SourceCharacter
5:12-5:13 rule.match                                           DoubleStringCharacter
5:13-5:13 rule.enter                                           DoubleStringCharacter
5:13-5:13 rule.enter                                             SourceCharacter
5:13-5:14 rule.match                                             SourceCharacter
5:13-5:14 rule.match                                           DoubleStringCharacter
5:14-5:14 rule.enter                                           DoubleStringCharacter
5:14-5:14 rule.enter                                             SourceCharacter
5:14-5:15 rule.match                                             SourceCharacter
5:14-5:15 rule.match                                           DoubleStringCharacter
5:15-5:15 rule.enter                                           DoubleStringCharacter
5:15-5:15 rule.enter                                             SourceCharacter
5:15-5:16 rule.match                                             SourceCharacter
5:15-5:16 rule.match                                           DoubleStringCharacter
5:16-5:16 rule.enter                                           DoubleStringCharacter
5:16-5:16 rule.enter                                             SourceCharacter
5:16-5:17 rule.match                                             SourceCharacter
5:16-5:17 rule.match                                           DoubleStringCharacter
5:17-5:17 rule.enter                                           DoubleStringCharacter
5:17-5:17 rule.enter                                             SourceCharacter
5:17-5:18 rule.match                                             SourceCharacter
5:17-5:18 rule.match                                           DoubleStringCharacter
5:18-5:18 rule.enter                                           DoubleStringCharacter
5:18-5:18 rule.enter                                             SourceCharacter
5:18-5:19 rule.match                                             SourceCharacter
5:18-5:19 rule.match                                           DoubleStringCharacter
5:19-5:19 rule.enter                                           DoubleStringCharacter
5:19-5:19 rule.enter                                             SourceCharacter
5:19-5:20 rule.match                                             SourceCharacter
5:19-5:20 rule.match                                           DoubleStringCharacter
5:20-5:20 rule.enter                                           DoubleStringCharacter
5:20-5:20 rule.enter                                             SourceCharacter
5:20-5:21 rule.match                                             SourceCharacter
5:20-5:21 rule.match                                           DoubleStringCharacter
5:21-5:21 rule.enter                                           DoubleStringCharacter
5:21-5:21 rule.enter                                             SourceCharacter
5:21-5:22 rule.match                                             SourceCharacter
5:21-5:22 rule.match                                           DoubleStringCharacter
5:22-5:22 rule.enter                                           DoubleStringCharacter
5:22-5:22 rule.enter                                             SourceCharacter
5:22-5:23 rule.match                                             SourceCharacter
5:22-5:23 rule.match                                           DoubleStringCharacter
5:23-5:23 rule.enter                                           DoubleStringCharacter
5:23-5:23 rule.enter                                             SourceCharacter
5:23-5:24 rule.match                                             SourceCharacter
5:23-5:24 rule.match                                           DoubleStringCharacter
5:24-5:24 rule.enter                                           DoubleStringCharacter
5:24-5:24 rule.enter                                             SourceCharacter
5:24-5:25 rule.match                                             SourceCharacter
5:24-5:25 rule.match                                           DoubleStringCharacter
5:25-5:25 rule.enter                                           DoubleStringCharacter
5:25-5:25 rule.enter                                             LineContinuation
5:25-5:25 rule.fail                                              LineContinuation
5:25-5:25 rule.fail                                            DoubleStringCharacter
5:10-5:26 rule.match                                         StringLiteral
5:10-5:26 rule.match                                       RuleReferenceArgument
5:26-5:26 rule.enter                                       __
5:26-5:26 rule.enter                                         WhiteSpace
5:26-5:26 rule.fail                                          WhiteSpace
5:26-5:26 rule.enter                                         LineTerminatorSequence
5:26-5:26 rule.fail                                          LineTerminatorSequence
5:26-5:26 rule.enter                                         Comment
5:26-5:26 rule.enter                                           MultiLineComment
5:26-5:26 rule.fail                                            MultiLineComment
5:26-5:26 rule.enter                                           SingleLineComment
5:26-5:26 rule.fail                                            SingleLineComment
5:26-5:26 rule.fail                                          Comment
5:26-5:26 rule.match                                       __
5:27-5:27 rule.enter                                       __
5:27-5:27 rule.enter                                         WhiteSpace
5:27-5:28 rule.match                                         WhiteSpace
5:28-5:28 rule.enter                                         WhiteSpace
5:28-5:28 rule.fail                                          WhiteSpace
5:28-5:28 rule.enter                                         LineTerminatorSequence
5:28-5:28 rule.fail                                          LineTerminatorSequence
5:28-5:28 rule.enter                                         Comment
5:28-5:28 rule.enter                                           MultiLineComment
5:28-5:28 rule.fail                                            MultiLineComment
5:28-5:28 rule.enter                                           SingleLineComment
5:28-5:28 rule.fail                                            SingleLineComment
5:28-5:28 rule.fail                                          Comment
5:27-5:28 rule.match                                       __
5:28-5:28 rule.enter                                       RuleReferenceArgument
5:28-5:28 rule.enter                                         IdentifierName
5:28-5:28 rule.enter                                           IdentifierStart
5:28-5:29 rule.match                                           IdentifierStart
5:29-5:29 rule.enter                                           IdentifierPart
5:29-5:29 rule.enter                                             IdentifierStart
5:29-5:30 rule.match                                             IdentifierStart
5:29-5:30 rule.match                                           IdentifierPart
5:30-5:30 rule.enter                                           IdentifierPart
5:30-5:30 rule.enter                                             IdentifierStart
5:30-5:31 rule.match                                             IdentifierStart
5:30-5:31 rule.match                                           IdentifierPart
5:31-5:31 rule.enter                                           IdentifierPart
5:31-5:31 rule.enter                                             IdentifierStart
5:31-5:32 rule.match                                             IdentifierStart
5:31-5:32 rule.match                                           IdentifierPart
5:32-5:32 rule.enter                                           IdentifierPart
5:32-5:32 rule.enter                                             IdentifierStart
5:32-5:33 rule.match                                             IdentifierStart
5:32-5:33 rule.match                                           IdentifierPart
5:33-5:33 rule.enter                                           IdentifierPart
5:33-5:33 rule.enter                                             IdentifierStart
5:33-5:34 rule.match                                             IdentifierStart
5:33-5:34 rule.match                                           IdentifierPart
5:34-5:34 rule.enter                                           IdentifierPart
5:34-5:34 rule.enter                                             IdentifierStart
5:34-5:35 rule.match                                             IdentifierStart
5:34-5:35 rule.match                                           IdentifierPart
5:35-5:35 rule.enter                                           IdentifierPart
5:35-5:35 rule.enter                                             IdentifierStart
5:35-5:35 rule.fail                                              IdentifierStart
5:35-5:35 rule.fail                                            IdentifierPart
5:28-5:35 rule.match                                         IdentifierName
5:28-5:35 rule.match                                       RuleReferenceArgument
5:35-5:35 rule.enter                                       __
5:35-5:35 rule.enter                                         WhiteSpace
5:35-5:35 rule.fail                                          WhiteSpace
5:35-5:35 rule.enter                                         LineTerminatorSequence
5:35-5:35 rule.fail                                          LineTerminatorSequence
5:35-5:35 rule.enter                                         Comment
5:35-5:35 rule.enter                                           MultiLineComment
5:35-5:35 rule.fail                                            MultiLineComment
5:35-5:35 rule.enter                                           SingleLineComment
5:35-5:35 rule.fail                                            SingleLineComment
5:35-5:35 rule.fail                                          Comment
5:35-5:35 rule.match                                       __
5:10-5:35 rule.match                                     RuleReferenceArgumentList
5:35-5:35 rule.enter                                     __
5:35-5:35 rule.enter                                       WhiteSpace
5:35-5:35 rule.fail                                        WhiteSpace
5:35-5:35 rule.enter                                       LineTerminatorSequence
5:35-5:35 rule.fail                                        LineTerminatorSequence
5:35-5:35 rule.enter                                       Comment
5:35-5:35 rule.enter                                         MultiLineComment
5:35-5:35 rule.fail                                          MultiLineComment
5:35-5:35 rule.enter                                         SingleLineComment
5:35-5:35 rule.fail                                          SingleLineComment
5:35-5:35 rule.fail                                        Comment
5:35-5:35 rule.match                                     __
5:4-5:36 rule.match                                   RuleReferenceExpression
5:4-5:36 rule.match                                 PrimaryExpression
5:36-5:36 rule.enter                                 __
5:36-5:36 rule.enter                                   WhiteSpace
5:36-5:36 rule.fail                                    WhiteSpace
5:36-5:36 rule.enter                                   LineTerminatorSequence
5:36-6:1 rule.match                                   LineTerminatorSequence
6:1-6:1 rule.enter                                   WhiteSpace
6:1-6:1 rule.fail                                    WhiteSpace
6:1-6:1 rule.enter                                   LineTerminatorSequence
6:1-6:1 rule.fail                                    LineTerminatorSequence
6:1-6:1 rule.enter                                   Comment
6:1-6:1 rule.enter                                     MultiLineComment
6:1-6:1 rule.fail                                      MultiLineComment
6:1-6:1 rule.enter                                     SingleLineComment
6:1-6:1 rule.fail                                      SingleLineComment
6:1-6:1 rule.fail                                    Comment
5:36-6:1 rule.match                                 __
5:4-5:4 rule.fail                                RepeatedExpression
5:4-5:4 rule.enter                               PrimaryExpression
5:4-5:4 rule.enter                                 LiteralMatcher
5:4-5:4 rule.enter                                   StringLiteral
5:4-5:4 rule.fail                                    StringLiteral
5:4-5:4 rule.fail                                  LiteralMatcher
5:4-5:4 rule.enter                                 CharacterClassMatcher
5:4-5:4 rule.fail                                  CharacterClassMatcher
5:4-5:4 rule.enter                                 AnyMatcher
5:4-5:4 rule.fail                                  AnyMatcher
5:4-5:4 rule.enter                                 RuleReferenceExpression
5:4-5:4 rule.enter                                   IdentifierName
5:4-5:4 rule.enter                                     IdentifierStart
5:4-5:5 rule.match                                     IdentifierStart
5:5-5:5 rule.enter                                     IdentifierPart
5:5-5:5 rule.enter                                       IdentifierStart
5:5-5:6 rule.match                                       IdentifierStart
5:5-5:6 rule.match                                     IdentifierPart
5:6-5:6 rule.enter                                     IdentifierPart
5:6-5:6 rule.enter                                       IdentifierStart
5:6-5:7 rule.match                                       IdentifierStart
5:6-5:7 rule.match                                     IdentifierPart
5:7-5:7 rule.enter                                     IdentifierPart
5:7-5:7 rule.enter                                       IdentifierStart
5:7-5:8 rule.match                                       IdentifierStart
5:7-5:8 rule.match                                     IdentifierPart
5:8-5:8 rule.enter                                     IdentifierPart
5:8-5:8 rule.enter                                       IdentifierStart
5:8-5:9 rule.match                                       IdentifierStart
5:8-5:9 rule.match                                     IdentifierPart
5:9-5:9 rule.enter                                     IdentifierPart
5:9-5:9 rule.enter                                       IdentifierStart
5:9-5:9 rule.fail                                        IdentifierStart
5:9-5:9 rule.fail                                      IdentifierPart
5:4-5:9 rule.match                                   IdentifierName
5:9-5:9 rule.enter                                   __
5:9-5:9 rule.enter                                     WhiteSpace
5:9-5:9 rule.fail                                      WhiteSpace
5:9-5:9 rule.enter                                     LineTerminatorSequence
5:9-5:9 rule.fail                                      LineTerminatorSequence
5:9-5:9 rule.enter                                     Comment
5:9-5:9 rule.enter                                       MultiLineComment
5:9-5:9 rule.fail                                        MultiLineComment
5:9-5:9 rule.enter                                       SingleLineComment
5:9-5:9 rule.fail                                        SingleLineComment
5:9-5:9 rule.fail                                      Comment
5:9-5:9 rule.match                                   __
5:9-5:9 rule.enter                                   StringLiteral
5:9-5:9 rule.fail                                    StringLiteral
5:10-5:10 rule.enter                                   __
5:10-5:10 rule.enter                                     WhiteSpace
5:10-5:10 rule.fail                                      WhiteSpace
5:10-5:10 rule.enter                                     LineTerminatorSequence
5:10-5:10 rule.fail                                      LineTerminatorSequence
5:10-5:10 rule.enter                                     Comment
5:10-5:10 rule.enter                                       MultiLineComment
5:10-5:10 rule.fail                                        MultiLineComment
5:10-5:10 rule.enter                                       SingleLineComment
5:10-5:10 rule.fail                                        SingleLineComment
5:10-5:10 rule.fail                                      Comment
5:10-5:10 rule.match                                   __
5:10-5:10 rule.enter                                   RuleReferenceArgumentList
5:10-5:10 rule.enter                                     RuleReferenceArgument
5:10-5:10 rule.enter                                       IdentifierName
5:10-5:10 rule.enter                                         IdentifierStart
5:10-5:10 rule.fail                                          IdentifierStart
5:10-5:10 rule.fail                                        IdentifierName
5:10-5:10 rule.enter                                       StringLiteral
5:11-5:11 rule.enter                                         DoubleStringCharacter
5:11-5:11 rule.enter                                           SourceCharacter
5:11-5:12 rule.match                                           SourceCharacter
5:11-5:12 rule.match                                         DoubleStringCharacter
5:12-5:12 rule.enter                                         DoubleStringCharacter
5:12-5:12 rule.enter                                           SourceCharacter
5:12-5:13 rule.match                                           SourceCharacter
5:12-5:13 rule.match                                         DoubleStringCharacter
5:13-5:13 rule.enter                                         DoubleStringCharacter
5:13-5:13 rule.enter                                           SourceCharacter
5:13-5:14 rule.match                                           SourceCharacter
5:13-5:14 rule.match                                         DoubleStringCharacter
5:14-5:14 rule.enter                                         DoubleStringCharacter
5:14-5:14 rule.enter                                           SourceCharacter
5:14-5:15 rule.match                                           SourceCharacter
5:14-5:15 rule.match                                         DoubleStringCharacter
5:15-5:15 rule.enter                                         DoubleStringCharacter
5:15-5:15 rule.enter                                           SourceCharacter
5:15-5:16 rule.match                                           SourceCharacter
5:15-5:16 rule.match                                         DoubleStringCharacter
5:16-5:16 rule.enter                                         DoubleStringCharacter
5:16-5:16 rule.enter                                           SourceCharacter
5:16-5:17 rule.match                                           SourceCharacter
5:16-5:17 rule.match                                         DoubleStringCharacter
5:17-5:17 rule.enter                                         DoubleStringCharacter
5:17-5:17 rule.enter                                           SourceCharacter
5:17-5:18 rule.match                                           SourceCharacter
5:17-5:18 rule.match                                         DoubleStringCharacter
5:18-5:18 rule.enter                                         DoubleStringCharacter
5:18-5:18 rule.enter                                           SourceCharacter
5:18-5:19 rule.match                                           SourceCharacter
5:18-5:19 rule.match                                         DoubleStringCharacter
5:19-5:19 rule.enter                                         DoubleStringCharacter
5:19-5:19 rule.enter                                           SourceCharacter
5:19-5:20 rule.match                                           SourceCharacter
5:19-5:20 rule.match                                         DoubleStringCharacter
5:20-5:20 rule.enter                                         DoubleStringCharacter
5:20-5:20 rule.enter                                           SourceCharacter
5:20-5:21 rule.match                                           SourceCharacter
5:20-5:21 rule.match                                         DoubleStringCharacter
5:21-5:21 rule.enter                                         DoubleStringCharacter
5:21-5:21 rule.enter                                           SourceCharacter
5:21-5:22 rule.match                                           SourceCharacter
5:21-5:22 rule.match                                         DoubleStringCharacter
5:22-5:22 rule.enter                                         DoubleStringCharacter
5:22-5:22 rule.enter                                           SourceCharacter
5:22-5:23 rule.match                                           SourceCharacter
5:22-5:23 rule.match                                         DoubleStringCharacter
5:23-5:23 rule.enter                                         DoubleStringCharacter
5:23-5:23 rule.enter                                           SourceCharacter
5:23-5:24 rule.match                                           SourceCharacter
5:23-5:24 rule.match                                         DoubleStringCharacter
5:24-5:24 rule.enter                                         DoubleStringCharacter
5:24-5:24 rule.enter                                           SourceCharacter
5:24-5:25 rule.match                                           SourceCharacter
5:24-5:25 rule.match                                         DoubleStringCharacter
5:25-5:25 rule.enter                                         DoubleStringCharacter
5:25-5:25 rule.enter                                           LineContinuation
5:25-5:25 rule.fail                                            LineContinuation
5:25-5:25 rule.fail                                          DoubleStringCharacter
5:10-5:26 rule.match                                       StringLiteral
5:10-5:26 rule.match                                     RuleReferenceArgument
5:26-5:26 rule.enter                                     __
5:26-5:26 rule.enter                                       WhiteSpace
5:26-5:26 rule.fail                                        WhiteSpace
5:26-5:26 rule.enter                                       LineTerminatorSequence
5:26-5:26 rule.fail                                        LineTerminatorSequence
5:26-5:26 rule.enter                                       Comment
5:26-5:26 rule.enter                                         MultiLineComment
5:26-5:26 rule.fail                                          MultiLineComment
5:26-5:26 rule.enter                                         SingleLineComment
5:26-5:26 rule.fail                                          SingleLineComment
5:26-5:26 rule.fail                                        Comment
5:26-5:26 rule.match                                     __
5:27-5:27 rule.enter                                     __
5:27-5:27 rule.enter                                       WhiteSpace
5:27-5:28 rule.match                                       WhiteSpace
5:28-5:28 rule.enter                                       WhiteSpace
5:28-5:28 rule.fail                                        WhiteSpace
5:28-5:28 rule.enter                                       LineTerminatorSequence
5:28-5:28 rule.fail                                        LineTerminatorSequence
5:28-5:28 rule.enter                                       Comment
5:28-5:28 rule.enter                                         MultiLineComment
5:28-5:28 rule.fail                                          MultiLineComment
5:28-5:28 rule.enter                                         SingleLineComment
5:28-5:28 rule.fail                                          SingleLineComment
5:28-5:28 rule.fail                                        Comment
5:27-5:28 rule.match                                     __
5:28-5:28 rule.enter                                     RuleReferenceArgument
5:28-5:28 rule.enter                                       IdentifierName
5:28-5:28 rule.enter                                         IdentifierStart
5:28-5:29 rule.match                                         IdentifierStart
5:29-5:29 rule.enter                                         IdentifierPart
5:29-5:29 rule.enter                                           IdentifierStart
5:29-5:30 rule.match                                           IdentifierStart
5:29-5:30 rule.match                                         IdentifierPart
5:30-5:30 rule.enter                                         IdentifierPart
5:30-5:30 rule.enter                                           IdentifierStart
5:30-5:31 rule.match                                           IdentifierStart
5:30-5:31 rule.match                                         IdentifierPart
5:31-5:31 rule.enter                                         IdentifierPart
5:31-5:31 rule.enter                                           IdentifierStart
5:31-5:32 rule.match                                           IdentifierStart
5:31-5:32 rule.match                                         IdentifierPart
5:32-5:32 rule.enter                                         IdentifierPart
5:32-5:32 rule.enter                                           IdentifierStart
5:32-5:33 rule.match                                           IdentifierStart
5:32-5:33 rule.match                                         IdentifierPart
5:33-5:33 rule.enter                                         IdentifierPart
5:33-5:33 rule.enter                                           IdentifierStart
5:33-5:34 rule.match                                           IdentifierStart
5:33-5:34 rule.match                                         IdentifierPart
5:34-5:34 rule.enter                                         IdentifierPart
5:34-5:34 rule.enter                                           IdentifierStart
5:34-5:35 rule.match                                           IdentifierStart
5:34-5:35 rule.match                                         IdentifierPart
5:35-5:35 rule.enter                                         IdentifierPart
5:35-5:35 rule.enter                                           IdentifierStart
5:35-5:35 rule.fail                                            IdentifierStart
5:35-5:35 rule.fail                                          IdentifierPart
5:28-5:35 rule.match                                       IdentifierName
5:28-5:35 rule.match                                     RuleReferenceArgument
5:35-5:35 rule.enter                                     __
5:35-5:35 rule.enter                                       WhiteSpace
5:35-5:35 rule.fail                                        WhiteSpace
5:35-5:35 rule.enter                                       LineTerminatorSequence
5:35-5:35 rule.fail                                        LineTerminatorSequence
5:35-5:35 rule.enter                                       Comment
5:35-5:35 rule.enter                                         MultiLineComment
5:35-5:35 rule.fail                                          MultiLineComment
5:35-5:35 rule.enter                                         SingleLineComment
5:35-5:35 rule.fail                                          SingleLineComment
5:35-5:35 rule.fail                                        Comment
5:35-5:35 rule.match                                     __
5:10-5:35 rule.match                                   RuleReferenceArgumentList
5:35-5:35 rule.enter                                   __
5:35-5:35 rule.enter                                     WhiteSpace
5:35-5:35 rule.fail                                      WhiteSpace
5:35-5:35 rule.enter                                     LineTerminatorSequence
5:35-5:35 rule.fail                                      LineTerminatorSequence
5:35-5:35 rule.enter                                     Comment
5:35-5:35 rule.enter                                       MultiLineComment
5:35-5:35 rule.fail                                        MultiLineComment
5:35-5:35 rule.enter                                       SingleLineComment
5:35-5:35 rule.fail                                        SingleLineComment
5:35-5:35 rule.fail                                      Comment
5:35-5:35 rule.match                                   __
5:4-5:36 rule.match                                 RuleReferenceExpression
5:4-5:36 rule.match                               PrimaryExpression
5:4-5:36 rule.match                             SuffixedExpression
5:4-5:36 rule.match                           PrefixedExpression
5:4-5:36 rule.match                         LabeledExpression
5:36-5:36 rule.enter                         __
5:36-5:36 rule.enter                           WhiteSpace
5:36-5:36 rule.fail                            WhiteSpace
5:36-5:36 rule.enter                           LineTerminatorSequence
5:36-6:1 rule.match                           LineTerminatorSequence
6:1-6:1 rule.enter                           WhiteSpace
6:1-6:1 rule.fail                            WhiteSpace
6:1-6:1 rule.enter                           LineTerminatorSequence
6:1-6:1 rule.fail                            LineTerminatorSequence
6:1-6:1 rule.enter                           Comment
6:1-6:1 rule.enter                             MultiLineComment
6:1-6:1 rule.fail                              MultiLineComment
6:1-6:1 rule.enter                             SingleLineComment
6:1-6:1 rule.fail                              SingleLineComment
6:1-6:1 rule.fail                            Comment
5:36-6:1 rule.match                         __
6:1-6:1 rule.enter                         LabeledExpression
6:1-6:1 rule.enter                           Pluck
6:1-6:1 rule.fail                            Pluck
6:1-6:1 rule.enter                           LabelColon
6:1-6:1 rule.enter                             IdentifierName
6:1-6:1 rule.enter                               IdentifierStart
6:1-6:1 rule.fail                                IdentifierStart
6:1-6:1 rule.fail                              IdentifierName
6:1-6:1 rule.fail                            LabelColon
6:1-6:1 rule.enter                           PrefixedExpression
6:1-6:1 rule.enter                             PrefixedOperator
6:1-6:1 rule.fail                              PrefixedOperator
6:1-6:1 rule.enter                             SuffixedExpression
6:1-6:1 rule.enter                               PrimaryExpression
6:1-6:1 rule.enter                                 LiteralMatcher
6:1-6:1 rule.enter                                   StringLiteral
6:1-6:1 rule.fail                                    StringLiteral
6:1-6:1 rule.fail                                  LiteralMatcher
6:1-6:1 rule.enter                                 CharacterClassMatcher
6:1-6:1 rule.fail                                  CharacterClassMatcher
6:1-6:1 rule.enter                                 AnyMatcher
6:1-6:1 rule.fail                                  AnyMatcher
6:1-6:1 rule.enter                                 RuleReferenceExpression
6:1-6:1 rule.enter                                   IdentifierName
6:1-6:1 rule.enter                                     IdentifierStart
6:1-6:1 rule.fail                                      IdentifierStart
6:1-6:1 rule.fail                                    IdentifierName
6:1-6:1 rule.fail                                  RuleReferenceExpression
6:1-6:1 rule.enter                                 SemanticPredicateExpression
6:1-6:1 rule.enter                                   SemanticPredicateOperator
6:1-6:1 rule.fail                                    SemanticPredicateOperator
6:1-6:1 rule.fail                                  SemanticPredicateExpression
6:1-6:1 rule.fail                                PrimaryExpression
6:1-6:1 rule.enter                               RepeatedExpression
6:1-6:1 rule.enter                                 PrimaryExpression
6:1-6:1 rule.enter                                   LiteralMatcher
6:1-6:1 rule.enter                                     StringLiteral
6:1-6:1 rule.fail                                      StringLiteral
6:1-6:1 rule.fail                                    LiteralMatcher
6:1-6:1 rule.enter                                   CharacterClassMatcher
6:1-6:1 rule.fail                                    CharacterClassMatcher
6:1-6:1 rule.enter                                   AnyMatcher
6:1-6:1 rule.fail                                    AnyMatcher
6:1-6:1 rule.enter                                   RuleReferenceExpression
6:1-6:1 rule.enter                                     IdentifierName
6:1-6:1 rule.enter                                       IdentifierStart
6:1-6:1 rule.fail                                        IdentifierStart
6:1-6:1 rule.fail                                      IdentifierName
6:1-6:1 rule.fail                                    RuleReferenceExpression
6:1-6:1 rule.enter                                   SemanticPredicateExpression
6:1-6:1 rule.enter                                     SemanticPredicateOperator
6:1-6:1 rule.fail                                      SemanticPredicateOperator
6:1-6:1 rule.fail                                    SemanticPredicateExpression
6:1-6:1 rule.fail                                  PrimaryExpression
6:1-6:1 rule.fail                                RepeatedExpression
6:1-6:1 rule.enter                               PrimaryExpression
6:1-6:1 rule.enter                                 LiteralMatcher
6:1-6:1 rule.enter                                   StringLiteral
6:1-6:1 rule.fail                                    StringLiteral
6:1-6:1 rule.fail                                  LiteralMatcher
6:1-6:1 rule.enter                                 CharacterClassMatcher
6:1-6:1 rule.fail                                  CharacterClassMatcher
6:1-6:1 rule.enter                                 AnyMatcher
6:1-6:1 rule.fail                                  AnyMatcher
6:1-6:1 rule.enter                                 RuleReferenceExpression
6:1-6:1 rule.enter                                   IdentifierName
6:1-6:1 rule.enter                                     IdentifierStart
6:1-6:1 rule.fail                                      IdentifierStart
6:1-6:1 rule.fail                                    IdentifierName
6:1-6:1 rule.fail                                  RuleReferenceExpression
6:1-6:1 rule.enter                                 SemanticPredicateExpression
6:1-6:1 rule.enter                                   SemanticPredicateOperator
6:1-6:1 rule.fail                                    SemanticPredicateOperator
6:1-6:1 rule.fail                                  SemanticPredicateExpression
6:1-6:1 rule.fail                                PrimaryExpression
6:1-6:1 rule.fail                              SuffixedExpression
6:1-6:1 rule.fail                            PrefixedExpression
6:1-6:1 rule.fail                          LabeledExpression
5:4-5:36 rule.match                       SequenceExpression
5:36-5:36 rule.enter                       __
5:36-5:36 rule.enter                         WhiteSpace
5:36-5:36 rule.fail                          WhiteSpace
5:36-5:36 rule.enter                         LineTerminatorSequence
5:36-6:1 rule.match                         LineTerminatorSequence
6:1-6:1 rule.enter                         WhiteSpace
6:1-6:1 rule.fail                          WhiteSpace
6:1-6:1 rule.enter                         LineTerminatorSequence
6:1-6:1 rule.fail                          LineTerminatorSequence
6:1-6:1 rule.enter                         Comment
6:1-6:1 rule.enter                           MultiLineComment
6:1-6:1 rule.fail                            MultiLineComment
6:1-6:1 rule.enter                           SingleLineComment
6:1-6:1 rule.fail                            SingleLineComment
6:1-6:1 rule.fail                          Comment
5:36-6:1 rule.match                       __
6:1-6:1 rule.enter                       CodeBlock
6:1-6:1 rule.fail                        CodeBlock
5:4-5:36 rule.match                     ActionExpression
5:36-5:36 rule.enter                     __
5:36-5:36 rule.enter                       WhiteSpace
5:36-5:36 rule.fail                        WhiteSpace
5:36-5:36 rule.enter                       LineTerminatorSequence
5:36-6:1 rule.match                       LineTerminatorSequence
6:1-6:1 rule.enter                       WhiteSpace
6:1-6:1 rule.fail                        WhiteSpace
6:1-6:1 rule.enter                       LineTerminatorSequence
6:1-6:1 rule.fail                        LineTerminatorSequence
6:1-6:1 rule.enter                       Comment
6:1-6:1 rule.enter                         MultiLineComment
6:1-6:1 rule.fail                          MultiLineComment
6:1-6:1 rule.enter                         SingleLineComment
6:1-6:1 rule.fail                          SingleLineComment
6:1-6:1 rule.fail                        Comment
5:36-6:1 rule.match                     __
4:2-5:36 rule.match                   ChoiceExpression
5:36-5:36 rule.enter                   __
5:36-5:36 rule.enter                     WhiteSpace
5:36-5:36 rule.fail                      WhiteSpace
5:36-5:36 rule.enter                     LineTerminatorSequence
5:36-6:1 rule.match                     LineTerminatorSequence
6:1-6:1 rule.enter                     WhiteSpace
6:1-6:1 rule.fail                      WhiteSpace
6:1-6:1 rule.enter                     LineTerminatorSequence
6:1-6:1 rule.fail                      LineTerminatorSequence
6:1-6:1 rule.enter                     Comment
6:1-6:1 rule.enter                       MultiLineComment
6:1-6:1 rule.fail                        MultiLineComment
6:1-6:1 rule.enter                       SingleLineComment
6:1-6:1 rule.fail                        SingleLineComment
6:1-6:1 rule.fail                      Comment
5:36-6:1 rule.match                   __
3:15-6:2 rule.match                 PrimaryExpression
6:2-6:2 rule.enter                 __
6:2-6:2 rule.enter                   WhiteSpace
6:2-6:2 rule.fail                    WhiteSpace
6:2-6:2 rule.enter                   LineTerminatorSequence
6:2-6:2 rule.fail                    LineTerminatorSequence
6:2-6:2 rule.enter                   Comment
6:2-6:2 rule.enter                     MultiLineComment
6:2-6:2 rule.fail                      MultiLineComment
6:2-6:2 rule.enter                     SingleLineComment
6:2-6:2 rule.fail                      SingleLineComment
6:2-6:2 rule.fail                    Comment
6:2-6:2 rule.match                 __
6:2-6:2 rule.enter                 SuffixedOperator
6:2-6:3 rule.match                 SuffixedOperator
3:15-6:3 rule.match               SuffixedExpression
3:15-6:3 rule.match             PrefixedExpression
3:15-6:3 rule.match           LabeledExpression
6:3-6:3 rule.enter           __
6:3-6:3 rule.enter             WhiteSpace
6:3-6:3 rule.fail              WhiteSpace
6:3-6:3 rule.enter             LineTerminatorSequence
6:3-6:3 rule.fail              LineTerminatorSequence
6:3-6:3 rule.enter             Comment
6:3-6:3 rule.enter               MultiLineComment
6:3-6:3 rule.fail                MultiLineComment
6:3-6:3 rule.enter               SingleLineComment
6:3-6:3 rule.fail                SingleLineComment
6:3-6:3 rule.fail              Comment
6:3-6:3 rule.match           __
6:3-6:3 rule.enter           LabeledExpression
6:3-6:3 rule.enter             Pluck
6:3-6:3 rule.fail              Pluck
6:3-6:3 rule.enter             LabelColon
6:3-6:3 rule.enter               IdentifierName
6:3-6:3 rule.enter                 IdentifierStart
6:3-6:3 rule.fail                  IdentifierStart
6:3-6:3 rule.fail                IdentifierName
6:3-6:3 rule.fail              LabelColon
6:3-6:3 rule.enter             PrefixedExpression
6:3-6:3 rule.enter               PrefixedOperator
6:3-6:3 rule.fail                PrefixedOperator
6:3-6:3 rule.enter               SuffixedExpression
6:3-6:3 rule.enter                 PrimaryExpression
6:3-6:3 rule.enter                   LiteralMatcher
6:3-6:3 rule.enter                     StringLiteral
6:3-6:3 rule.fail                      StringLiteral
6:3-6:3 rule.fail                    LiteralMatcher
6:3-6:3 rule.enter                   CharacterClassMatcher
6:3-6:3 rule.fail                    CharacterClassMatcher
6:3-6:3 rule.enter                   AnyMatcher
6:3-6:3 rule.fail                    AnyMatcher
6:3-6:3 rule.enter                   RuleReferenceExpression
6:3-6:3 rule.enter                     IdentifierName
6:3-6:3 rule.enter                       IdentifierStart
6:3-6:3 rule.fail                        IdentifierStart
6:3-6:3 rule.fail                      IdentifierName
6:3-6:3 rule.fail                    RuleReferenceExpression
6:3-6:3 rule.enter                   SemanticPredicateExpression
6:3-6:3 rule.enter                     SemanticPredicateOperator
6:3-6:3 rule.fail                      SemanticPredicateOperator
6:3-6:3 rule.fail                    SemanticPredicateExpression
6:3-6:3 rule.fail                  PrimaryExpression
6:3-6:3 rule.enter                 RepeatedExpression
6:3-6:3 rule.enter                   PrimaryExpression
6:3-6:3 rule.enter                     LiteralMatcher
6:3-6:3 rule.enter                       StringLiteral
6:3-6:3 rule.fail                        StringLiteral
6:3-6:3 rule.fail                      LiteralMatcher
6:3-6:3 rule.enter                     CharacterClassMatcher
6:3-6:3 rule.fail                      CharacterClassMatcher
6:3-6:3 rule.enter                     AnyMatcher
6:3-6:3 rule.fail                      AnyMatcher
6:3-6:3 rule.enter                     RuleReferenceExpression
6:3-6:3 rule.enter                       IdentifierName
6:3-6:3 rule.enter                         IdentifierStart
6:3-6:3 rule.fail                          IdentifierStart
6:3-6:3 rule.fail                        IdentifierName
6:3-6:3 rule.fail                      RuleReferenceExpression
6:3-6:3 rule.enter                     SemanticPredicateExpression
6:3-6:3 rule.enter                       SemanticPredicateOperator
6:3-6:3 rule.fail                        SemanticPredicateOperator
6:3-6:3 rule.fail                      SemanticPredicateExpression
6:3-6:3 rule.fail                    PrimaryExpression
6:3-6:3 rule.fail                  RepeatedExpression
6:3-6:3 rule.enter                 PrimaryExpression
6:3-6:3 rule.enter                   LiteralMatcher
6:3-6:3 rule.enter                     StringLiteral
6:3-6:3 rule.fail                      StringLiteral
6:3-6:3 rule.fail                    LiteralMatcher
6:3-6:3 rule.enter                   CharacterClassMatcher
6:3-6:3 rule.fail                    CharacterClassMatcher
6:3-6:3 rule.enter                   AnyMatcher
6:3-6:3 rule.fail                    AnyMatcher
6:3-6:3 rule.enter                   RuleReferenceExpression
6:3-6:3 rule.enter                     IdentifierName
6:3-6:3 rule.enter                       IdentifierStart
6:3-6:3 rule.fail                        IdentifierStart
6:3-6:3 rule.fail                      IdentifierName
6:3-6:3 rule.fail                    RuleReferenceExpression
6:3-6:3 rule.enter                   SemanticPredicateExpression
6:3-6:3 rule.enter                     SemanticPredicateOperator
6:3-6:3 rule.fail                      SemanticPredicateOperator
6:3-6:3 rule.fail                    SemanticPredicateExpression
6:3-6:3 rule.fail                  PrimaryExpression
6:3-6:3 rule.fail                SuffixedExpression
6:3-6:3 rule.fail              PrefixedExpression
6:3-6:3 rule.fail            LabeledExpression
3:15-6:3 rule.match         SequenceExpression
6:3-6:3 rule.enter         __
6:3-6:3 rule.enter           WhiteSpace
6:3-6:3 rule.fail            WhiteSpace
6:3-6:3 rule.enter           LineTerminatorSequence
6:3-6:3 rule.fail            LineTerminatorSequence
6:3-6:3 rule.enter           Comment
6:3-6:3 rule.enter             MultiLineComment
6:3-6:3 rule.fail              MultiLineComment
6:3-6:3 rule.enter             SingleLineComment
6:3-6:3 rule.fail              SingleLineComment
6:3-6:3 rule.fail            Comment
6:3-6:3 rule.match         __
6:3-6:3 rule.enter         CodeBlock
6:3-6:3 rule.fail          CodeBlock
3:15-6:3 rule.match       ActionExpression
6:3-6:3 rule.enter       __
6:3-6:3 rule.enter         WhiteSpace
6:3-6:3 rule.fail          WhiteSpace
6:3-6:3 rule.enter         LineTerminatorSequence
6:3-6:3 rule.fail          LineTerminatorSequence
6:3-6:3 rule.enter         Comment
6:3-6:3 rule.enter           MultiLineComment
6:3-6:3 rule.fail            MultiLineComment
6:3-6:3 rule.enter           SingleLineComment
6:3-6:3 rule.fail            SingleLineComment
6:3-6:3 rule.fail          Comment
6:3-6:3 rule.match       __
3:15-6:3 rule.match     ChoiceExpression
6:3-6:3 rule.enter     EOS
6:3-6:3 rule.enter       __
6:3-6:3 rule.enter         WhiteSpace
6:3-6:3 rule.fail          WhiteSpace
6:3-6:3 rule.enter         LineTerminatorSequence
6:3-6:3 rule.fail          LineTerminatorSequence
6:3-6:3 rule.enter         Comment
6:3-6:3 rule.enter           MultiLineComment
6:3-6:3 rule.fail            MultiLineComment
6:3-6:3 rule.enter           SingleLineComment
6:3-6:3 rule.fail            SingleLineComment
6:3-6:3 rule.fail          Comment
6:3-6:3 rule.match       __
6:4-6:4 rule.enter       __
6:4-6:4 rule.enter         WhiteSpace
6:4-6:4 rule.fail          WhiteSpace
6:4-6:4 rule.enter         LineTerminatorSequence
6:4-7:1 rule.match         LineTerminatorSequence
7:1-7:1 rule.enter         WhiteSpace
7:1-7:1 rule.fail          WhiteSpace
7:1-7:1 rule.enter         LineTerminatorSequence
7:1-8:1 rule.match         LineTerminatorSequence
8:1-8:1 rule.enter         WhiteSpace
8:1-8:1 rule.fail          WhiteSpace
8:1-8:1 rule.enter         LineTerminatorSequence
8:1-8:1 rule.fail          LineTerminatorSequence
8:1-8:1 rule.enter         Comment
8:1-8:1 rule.enter           MultiLineComment
8:1-8:1 rule.fail            MultiLineComment
8:1-8:1 rule.enter           SingleLineComment
8:1-8:1 rule.fail            SingleLineComment
8:1-8:1 rule.fail          Comment
6:4-8:1 rule.match       __
6:3-6:4 rule.match     EOS
3:1-6:4 rule.match   Rule
6:4-6:4 rule.enter   __
6:4-6:4 rule.enter     WhiteSpace
6:4-6:4 rule.fail      WhiteSpace
6:4-6:4 rule.enter     LineTerminatorSequence
6:4-7:1 rule.match     LineTerminatorSequence
7:1-7:1 rule.enter     WhiteSpace
7:1-7:1 rule.fail      WhiteSpace
7:1-7:1 rule.enter     LineTerminatorSequence
7:1-8:1 rule.match     LineTerminatorSequence
8:1-8:1 rule.enter     WhiteSpace
8:1-8:1 rule.fail      WhiteSpace
8:1-8:1 rule.enter     LineTerminatorSequence
8:1-8:1 rule.fail      LineTerminatorSequence
8:1-8:1 rule.enter     Comment
8:1-8:1 rule.enter       MultiLineComment
8:1-8:1 rule.fail        MultiLineComment
8:1-8:1 rule.enter       SingleLineComment
8:1-8:1 rule.fail        SingleLineComment
8:1-8:1 rule.fail      Comment
6:4-8:1 rule.match   __
8:1-8:1 rule.enter   Rule
8:5-8:5 rule.enter     _
8:5-8:5 rule.enter       WhiteSpace
8:5-8:6 rule.match       WhiteSpace
8:6-8:6 rule.enter       WhiteSpace
8:6-8:6 rule.fail        WhiteSpace
8:6-8:6 rule.enter       MultiLineCommentNoLineTerminator
8:6-8:6 rule.fail        MultiLineCommentNoLineTerminator
8:5-8:6 rule.match     _
8:6-8:6 rule.enter     IdentifierName
8:6-8:6 rule.enter       IdentifierStart
8:6-8:7 rule.match       IdentifierStart
8:7-8:7 rule.enter       IdentifierPart
8:7-8:7 rule.enter         IdentifierStart
8:7-8:8 rule.match         IdentifierStart
8:7-8:8 rule.match       IdentifierPart
8:8-8:8 rule.enter       IdentifierPart
8:8-8:8 rule.enter         IdentifierStart
8:8-8:9 rule.match         IdentifierStart
8:8-8:9 rule.match       IdentifierPart
8:9-8:9 rule.enter       IdentifierPart
8:9-8:9 rule.enter         IdentifierStart
8:9-8:10 rule.match         IdentifierStart
8:9-8:10 rule.match       IdentifierPart
8:10-8:10 rule.enter       IdentifierPart
8:10-8:10 rule.enter         IdentifierStart
8:10-8:11 rule.match         IdentifierStart
8:10-8:11 rule.match       IdentifierPart
8:11-8:11 rule.enter       IdentifierPart
8:11-8:11 rule.enter         IdentifierStart
8:11-8:11 rule.fail          IdentifierStart
8:11-8:11 rule.fail        IdentifierPart
8:6-8:11 rule.match     IdentifierName
8:11-8:11 rule.enter     __
8:11-8:11 rule.enter       WhiteSpace
8:11-8:11 rule.fail        WhiteSpace
8:11-8:11 rule.enter       LineTerminatorSequence
8:11-8:11 rule.fail        LineTerminatorSequence
8:11-8:11 rule.enter       Comment
8:11-8:11 rule.enter         MultiLineComment
8:11-8:11 rule.fail          MultiLineComment
8:11-8:11 rule.enter         SingleLineComment
8:11-8:11 rule.fail          SingleLineComment
8:11-8:11 rule.fail        Comment
8:11-8:11 rule.match     __
8:12-8:12 rule.enter     __
8:12-8:12 rule.enter       WhiteSpace
8:12-8:12 rule.fail        WhiteSpace
8:12-8:12 rule.enter       LineTerminatorSequence
8:12-8:12 rule.fail        LineTerminatorSequence
8:12-8:12 rule.enter       Comment
8:12-8:12 rule.enter         MultiLineComment
8:12-8:12 rule.fail          MultiLineComment
8:12-8:12 rule.enter         SingleLineComment
8:12-8:12 rule.fail          SingleLineComment
8:12-8:12 rule.fail        Comment
8:12-8:12 rule.match     __
8:12-8:12 rule.enter     RuleArgumentList
8:12-8:12 rule.enter       RuleArgument
8:12-8:12 rule.enter         IdentifierName
8:12-8:12 rule.enter           IdentifierStart
8:12-8:13 rule.match           IdentifierStart
8:13-8:13 rule.enter           IdentifierPart
8:13-8:13 rule.enter             IdentifierStart
8:13-8:14 rule.match             IdentifierStart
8:13-8:14 rule.match           IdentifierPart
8:14-8:14 rule.enter           IdentifierPart
8:14-8:14 rule.enter             IdentifierStart
8:14-8:15 rule.match             IdentifierStart
8:14-8:15 rule.match           IdentifierPart
8:15-8:15 rule.enter           IdentifierPart
8:15-8:15 rule.enter             IdentifierStart
8:15-8:15 rule.fail              IdentifierStart
8:15-8:15 rule.fail            IdentifierPart
8:12-8:15 rule.match         IdentifierName
8:16-8:16 rule.enter         __
8:16-8:16 rule.enter           WhiteSpace
8:16-8:17 rule.match           WhiteSpace
8:17-8:17 rule.enter           WhiteSpace
8:17-8:17 rule.fail            WhiteSpace
8:17-8:17 rule.enter           LineTerminatorSequence
8:17-8:17 rule.fail            LineTerminatorSequence
8:17-8:17 rule.enter           Comment
8:17-8:17 rule.enter             MultiLineComment
8:17-8:17 rule.fail              MultiLineComment
8:17-8:17 rule.enter             SingleLineComment
8:17-8:17 rule.fail              SingleLineComment
8:17-8:17 rule.fail            Comment
8:16-8:17 rule.match         __
8:17-8:17 rule.enter         IdentifierName
8:17-8:17 rule.enter           IdentifierStart
8:17-8:18 rule.match           IdentifierStart
8:18-8:18 rule.enter           IdentifierPart
8:18-8:18 rule.enter             IdentifierStart
8:18-8:19 rule.match             IdentifierStart
8:18-8:19 rule.match           IdentifierPart
8:19-8:19 rule.enter           IdentifierPart
8:19-8:19 rule.enter             IdentifierStart
8:19-8:20 rule.match             IdentifierStart
8:19-8:20 rule.match           IdentifierPart
8:20-8:20 rule.enter           IdentifierPart
8:20-8:20 rule.enter             IdentifierStart
8:20-8:21 rule.match             IdentifierStart
8:20-8:21 rule.match           IdentifierPart
8:21-8:21 rule.enter           IdentifierPart
8:21-8:21 rule.enter             IdentifierStart
8:21-8:22 rule.match             IdentifierStart
8:21-8:22 rule.match           IdentifierPart
8:22-8:22 rule.enter           IdentifierPart
8:22-8:22 rule.enter             IdentifierStart
8:22-8:23 rule.match             IdentifierStart
8:22-8:23 rule.match           IdentifierPart
8:23-8:23 rule.enter           IdentifierPart
8:23-8:23 rule.enter             IdentifierStart
8:23-8:23 rule.fail              IdentifierStart
8:23-8:23 rule.fail            IdentifierPart
8:17-8:23 rule.match         IdentifierName
8:12-8:23 rule.match       RuleArgument
8:23-8:23 rule.enter       __
8:23-8:23 rule.enter         WhiteSpace
8:23-8:23 rule.fail          WhiteSpace
8:23-8:23 rule.enter         LineTerminatorSequence
8:23-8:23 rule.fail          LineTerminatorSequence
8:23-8:23 rule.enter         Comment
8:23-8:23 rule.enter           MultiLineComment
8:23-8:23 rule.fail            MultiLineComment
8:23-8:23 rule.enter           SingleLineComment
8:23-8:23 rule.fail            SingleLineComment
8:23-8:23 rule.fail          Comment
8:23-8:23 rule.match       __
8:24-8:24 rule.enter       __
8:24-8:24 rule.enter         WhiteSpace
8:24-8:25 rule.match         WhiteSpace
8:25-8:25 rule.enter         WhiteSpace
8:25-8:25 rule.fail          WhiteSpace
8:25-8:25 rule.enter         LineTerminatorSequence
8:25-8:25 rule.fail          LineTerminatorSequence
8:25-8:25 rule.enter         Comment
8:25-8:25 rule.enter           MultiLineComment
8:25-8:25 rule.fail            MultiLineComment
8:25-8:25 rule.enter           SingleLineComment
8:25-8:25 rule.fail            SingleLineComment
8:25-8:25 rule.fail          Comment
8:24-8:25 rule.match       __
8:25-8:25 rule.enter       RuleArgument
8:25-8:25 rule.enter         IdentifierName
8:25-8:25 rule.enter           IdentifierStart
8:25-8:26 rule.match           IdentifierStart
8:26-8:26 rule.enter           IdentifierPart
8:26-8:26 rule.enter             IdentifierStart
8:26-8:27 rule.match             IdentifierStart
8:26-8:27 rule.match           IdentifierPart
8:27-8:27 rule.enter           IdentifierPart
8:27-8:27 rule.enter             IdentifierStart
8:27-8:28 rule.match             IdentifierStart
8:27-8:28 rule.match           IdentifierPart
8:28-8:28 rule.enter           IdentifierPart
8:28-8:28 rule.enter             IdentifierStart
8:28-8:29 rule.match             IdentifierStart
8:28-8:29 rule.match           IdentifierPart
8:29-8:29 rule.enter           IdentifierPart
8:29-8:29 rule.enter             IdentifierStart
8:29-8:30 rule.match             IdentifierStart
8:29-8:30 rule.match           IdentifierPart
8:30-8:30 rule.enter           IdentifierPart
8:30-8:30 rule.enter             IdentifierStart
8:30-8:30 rule.fail              IdentifierStart
8:30-8:30 rule.fail            IdentifierPart
8:25-8:30 rule.match         IdentifierName
8:31-8:31 rule.enter         __
8:31-8:31 rule.enter           WhiteSpace
8:31-8:32 rule.match           WhiteSpace
8:32-8:32 rule.enter           WhiteSpace
8:32-8:32 rule.fail            WhiteSpace
8:32-8:32 rule.enter           LineTerminatorSequence
8:32-8:32 rule.fail            LineTerminatorSequence
8:32-8:32 rule.enter           Comment
8:32-8:32 rule.enter             MultiLineComment
8:32-8:32 rule.fail              MultiLineComment
8:32-8:32 rule.enter             SingleLineComment
8:32-8:32 rule.fail              SingleLineComment
8:32-8:32 rule.fail            Comment
8:31-8:32 rule.match         __
8:32-8:32 rule.enter         IdentifierName
8:32-8:32 rule.enter           IdentifierStart
8:32-8:33 rule.match           IdentifierStart
8:33-8:33 rule.enter           IdentifierPart
8:33-8:33 rule.enter             IdentifierStart
8:33-8:34 rule.match             IdentifierStart
8:33-8:34 rule.match           IdentifierPart
8:34-8:34 rule.enter           IdentifierPart
8:34-8:34 rule.enter             IdentifierStart
8:34-8:35 rule.match             IdentifierStart
8:34-8:35 rule.match           IdentifierPart
8:35-8:35 rule.enter           IdentifierPart
8:35-8:35 rule.enter             IdentifierStart
8:35-8:36 rule.match             IdentifierStart
8:35-8:36 rule.match           IdentifierPart
8:36-8:36 rule.enter           IdentifierPart
8:36-8:36 rule.enter             IdentifierStart
8:36-8:36 rule.fail              IdentifierStart
8:36-8:36 rule.fail            IdentifierPart
8:32-8:36 rule.match         IdentifierName
8:25-8:36 rule.match       RuleArgument
8:36-8:36 rule.enter       __
8:36-8:36 rule.enter         WhiteSpace
8:36-8:36 rule.fail          WhiteSpace
8:36-8:36 rule.enter         LineTerminatorSequence
8:36-8:36 rule.fail          LineTerminatorSequence
8:36-8:36 rule.enter         Comment
8:36-8:36 rule.enter           MultiLineComment
8:36-8:36 rule.fail            MultiLineComment
8:36-8:36 rule.enter           SingleLineComment
8:36-8:36 rule.fail            SingleLineComment
8:36-8:36 rule.fail          Comment
8:36-8:36 rule.match       __
8:12-8:36 rule.match     RuleArgumentList
8:36-8:36 rule.enter     __
8:36-8:36 rule.enter       WhiteSpace
8:36-8:36 rule.fail        WhiteSpace
8:36-8:36 rule.enter       LineTerminatorSequence
8:36-8:36 rule.fail        LineTerminatorSequence
8:36-8:36 rule.enter       Comment
8:36-8:36 rule.enter         MultiLineComment
8:36-8:36 rule.fail          MultiLineComment
8:36-8:36 rule.enter         SingleLineComment
8:36-8:36 rule.fail          SingleLineComment
8:36-8:36 rule.fail        Comment
8:36-8:36 rule.match     __
8:37-8:37 rule.enter     __
8:37-8:37 rule.enter       WhiteSpace
8:37-8:38 rule.match       WhiteSpace
8:38-8:38 rule.enter       WhiteSpace
8:38-8:38 rule.fail        WhiteSpace
8:38-8:38 rule.enter       LineTerminatorSequence
8:38-8:38 rule.fail        LineTerminatorSequence
8:38-8:38 rule.enter       Comment
8:38-8:38 rule.enter         MultiLineComment
8:38-8:38 rule.fail          MultiLineComment
8:38-8:38 rule.enter         SingleLineComment
8:38-8:38 rule.fail          SingleLineComment
8:38-8:38 rule.fail        Comment
8:37-8:38 rule.match     __
8:39-8:39 rule.enter     __
8:39-8:39 rule.enter       WhiteSpace
8:39-8:40 rule.match       WhiteSpace
8:40-8:40 rule.enter       WhiteSpace
8:40-8:40 rule.fail        WhiteSpace
8:40-8:40 rule.enter       LineTerminatorSequence
8:40-9:1 rule.match       LineTerminatorSequence
9:1-9:1 rule.enter       WhiteSpace
9:1-9:2 rule.match       WhiteSpace
9:2-9:2 rule.enter       WhiteSpace
9:2-9:3 rule.match       WhiteSpace
9:3-9:3 rule.enter       WhiteSpace
9:3-9:3 rule.fail        WhiteSpace
9:3-9:3 rule.enter       LineTerminatorSequence
9:3-9:3 rule.fail        LineTerminatorSequence
9:3-9:3 rule.enter       Comment
9:3-9:3 rule.enter         MultiLineComment
9:3-9:3 rule.fail          MultiLineComment
9:3-9:3 rule.enter         SingleLineComment
9:3-9:3 rule.fail          SingleLineComment
9:3-9:3 rule.fail        Comment
8:39-9:3 rule.match     __
9:3-9:3 rule.enter     ChoiceExpression
9:3-9:3 rule.enter       ActionExpression
9:3-9:3 rule.enter         SequenceExpression
9:3-9:3 rule.enter           LabeledExpression
9:3-9:3 rule.enter             Pluck
9:3-9:3 rule.fail              Pluck
9:3-9:3 rule.enter             LabelColon
9:3-9:3 rule.enter               IdentifierName
9:3-9:3 rule.enter                 IdentifierStart
9:3-9:4 rule.match                 IdentifierStart
9:4-9:4 rule.enter                 IdentifierPart
9:4-9:4 rule.enter                   IdentifierStart
9:4-9:5 rule.match                   IdentifierStart
9:4-9:5 rule.match                 IdentifierPart
9:5-9:5 rule.enter                 IdentifierPart
9:5-9:5 rule.enter                   IdentifierStart
9:5-9:6 rule.match                   IdentifierStart
9:5-9:6 rule.match                 IdentifierPart
9:6-9:6 rule.enter                 IdentifierPart
9:6-9:6 rule.enter                   IdentifierStart
9:6-9:6 rule.fail                    IdentifierStart
9:6-9:6 rule.fail                  IdentifierPart
9:3-9:6 rule.match               IdentifierName
9:6-9:6 rule.enter               __
9:6-9:6 rule.enter                 WhiteSpace
9:6-9:7 rule.match                 WhiteSpace
9:7-9:7 rule.enter                 WhiteSpace
9:7-9:7 rule.fail                  WhiteSpace
9:7-9:7 rule.enter                 LineTerminatorSequence
9:7-9:7 rule.fail                  LineTerminatorSequence
9:7-9:7 rule.enter                 Comment
9:7-9:7 rule.enter                   MultiLineComment
9:7-9:7 rule.fail                    MultiLineComment
9:7-9:7 rule.enter                   SingleLineComment
9:7-9:7 rule.fail                    SingleLineComment
9:7-9:7 rule.fail                  Comment
9:6-9:7 rule.match               __
9:3-9:3 rule.fail              LabelColon
9:3-9:3 rule.enter             PrefixedExpression
9:3-9:3 rule.enter               PrefixedOperator
9:3-9:3 rule.fail                PrefixedOperator
9:3-9:3 rule.enter               SuffixedExpression
9:3-9:3 rule.enter                 PrimaryExpression
9:3-9:3 rule.enter                   LiteralMatcher
9:3-9:3 rule.enter                     StringLiteral
9:3-9:3 rule.fail                      StringLiteral
9:3-9:3 rule.fail                    LiteralMatcher
9:3-9:3 rule.enter                   CharacterClassMatcher
9:3-9:3 rule.fail                    CharacterClassMatcher
9:3-9:3 rule.enter                   AnyMatcher
9:3-9:3 rule.fail                    AnyMatcher
9:3-9:3 rule.enter                   RuleReferenceExpression
9:3-9:3 rule.enter                     IdentifierName
9:3-9:3 rule.enter                       IdentifierStart
9:3-9:4 rule.match                       IdentifierStart
9:4-9:4 rule.enter                       IdentifierPart
9:4-9:4 rule.enter                         IdentifierStart
9:4-9:5 rule.match                         IdentifierStart
9:4-9:5 rule.match                       IdentifierPart
9:5-9:5 rule.enter                       IdentifierPart
9:5-9:5 rule.enter                         IdentifierStart
9:5-9:6 rule.match                         IdentifierStart
9:5-9:6 rule.match                       IdentifierPart
9:6-9:6 rule.enter                       IdentifierPart
9:6-9:6 rule.enter                         IdentifierStart
9:6-9:6 rule.fail                          IdentifierStart
9:6-9:6 rule.fail                        IdentifierPart
9:3-9:6 rule.match                     IdentifierName
9:6-9:6 rule.enter                     __
9:6-9:6 rule.enter                       WhiteSpace
9:6-9:7 rule.match                       WhiteSpace
9:7-9:7 rule.enter                       WhiteSpace
9:7-9:7 rule.fail                        WhiteSpace
9:7-9:7 rule.enter                       LineTerminatorSequence
9:7-9:7 rule.fail                        LineTerminatorSequence
9:7-9:7 rule.enter                       Comment
9:7-9:7 rule.enter                         MultiLineComment
9:7-9:7 rule.fail                          MultiLineComment
9:7-9:7 rule.enter                         SingleLineComment
9:7-9:7 rule.fail                          SingleLineComment
9:7-9:7 rule.fail                        Comment
9:6-9:7 rule.match                     __
9:7-9:7 rule.enter                     StringLiteral
9:7-9:7 rule.fail                      StringLiteral
9:3-9:6 rule.match                   RuleReferenceExpression
9:3-9:6 rule.match                 PrimaryExpression
9:6-9:6 rule.enter                 __
9:6-9:6 rule.enter                   WhiteSpace
9:6-9:7 rule.match                   WhiteSpace
9:7-9:7 rule.enter                   WhiteSpace
9:7-9:7 rule.fail                    WhiteSpace
9:7-9:7 rule.enter                   LineTerminatorSequence
9:7-9:7 rule.fail                    LineTerminatorSequence
9:7-9:7 rule.enter                   Comment
9:7-9:7 rule.enter                     MultiLineComment
9:7-9:7 rule.fail                      MultiLineComment
9:7-9:7 rule.enter                     SingleLineComment
9:7-9:7 rule.fail                      SingleLineComment
9:7-9:7 rule.fail                    Comment
9:6-9:7 rule.match                 __
9:7-9:7 rule.enter                 SuffixedOperator
9:7-9:7 rule.fail                  SuffixedOperator
9:3-9:3 rule.enter                 RepeatedExpression
9:3-9:3 rule.enter                   PrimaryExpression
9:3-9:3 rule.enter                     LiteralMatcher
9:3-9:3 rule.enter                       StringLiteral
9:3-9:3 rule.fail                        StringLiteral
9:3-9:3 rule.fail                      LiteralMatcher
9:3-9:3 rule.enter                     CharacterClassMatcher
9:3-9:3 rule.fail                      CharacterClassMatcher
9:3-9:3 rule.enter                     AnyMatcher
9:3-9:3 rule.fail                      AnyMatcher
9:3-9:3 rule.enter                     RuleReferenceExpression
9:3-9:3 rule.enter                       IdentifierName
9:3-9:3 rule.enter                         IdentifierStart
9:3-9:4 rule.match                         IdentifierStart
9:4-9:4 rule.enter                         IdentifierPart
9:4-9:4 rule.enter                           IdentifierStart
9:4-9:5 rule.match                           IdentifierStart
9:4-9:5 rule.match                         IdentifierPart
9:5-9:5 rule.enter                         IdentifierPart
9:5-9:5 rule.enter                           IdentifierStart
9:5-9:6 rule.match                           IdentifierStart
9:5-9:6 rule.match                         IdentifierPart
9:6-9:6 rule.enter                         IdentifierPart
9:6-9:6 rule.enter                           IdentifierStart
9:6-9:6 rule.fail                            IdentifierStart
9:6-9:6 rule.fail                          IdentifierPart
9:3-9:6 rule.match                       IdentifierName
9:6-9:6 rule.enter                       __
9:6-9:6 rule.enter                         WhiteSpace
9:6-9:7 rule.match                         WhiteSpace
9:7-9:7 rule.enter                         WhiteSpace
9:7-9:7 rule.fail                          WhiteSpace
9:7-9:7 rule.enter                         LineTerminatorSequence
9:7-9:7 rule.fail                          LineTerminatorSequence
9:7-9:7 rule.enter                         Comment
9:7-9:7 rule.enter                           MultiLineComment
9:7-9:7 rule.fail                            MultiLineComment
9:7-9:7 rule.enter                           SingleLineComment
9:7-9:7 rule.fail                            SingleLineComment
9:7-9:7 rule.fail                          Comment
9:6-9:7 rule.match                       __
9:7-9:7 rule.enter                       StringLiteral
9:7-9:7 rule.fail                        StringLiteral
9:3-9:6 rule.match                     RuleReferenceExpression
9:3-9:6 rule.match                   PrimaryExpression
9:6-9:6 rule.enter                   __
9:6-9:6 rule.enter                     WhiteSpace
9:6-9:7 rule.match                     WhiteSpace
9:7-9:7 rule.enter                     WhiteSpace
9:7-9:7 rule.fail                      WhiteSpace
9:7-9:7 rule.enter                     LineTerminatorSequence
9:7-9:7 rule.fail                      LineTerminatorSequence
9:7-9:7 rule.enter                     Comment
9:7-9:7 rule.enter                       MultiLineComment
9:7-9:7 rule.fail                        MultiLineComment
9:7-9:7 rule.enter                       SingleLineComment
9:7-9:7 rule.fail                        SingleLineComment
9:7-9:7 rule.fail                      Comment
9:6-9:7 rule.match                   __
9:3-9:3 rule.fail                  RepeatedExpression
9:3-9:3 rule.enter                 PrimaryExpression
9:3-9:3 rule.enter                   LiteralMatcher
9:3-9:3 rule.enter                     StringLiteral
9:3-9:3 rule.fail                      StringLiteral
9:3-9:3 rule.fail                    LiteralMatcher
9:3-9:3 rule.enter                   CharacterClassMatcher
9:3-9:3 rule.fail                    CharacterClassMatcher
9:3-9:3 rule.enter                   AnyMatcher
9:3-9:3 rule.fail                    AnyMatcher
9:3-9:3 rule.enter                   RuleReferenceExpression
9:3-9:3 rule.enter                     IdentifierName
9:3-9:3 rule.enter                       IdentifierStart
9:3-9:4 rule.match                       IdentifierStart
9:4-9:4 rule.enter                       IdentifierPart
9:4-9:4 rule.enter                         IdentifierStart
9:4-9:5 rule.match                         IdentifierStart
9:4-9:5 rule.match                       IdentifierPart
9:5-9:5 rule.enter                       IdentifierPart
9:5-9:5 rule.enter                         IdentifierStart
9:5-9:6 rule.match                         IdentifierStart
9:5-9:6 rule.match                       IdentifierPart
9:6-9:6 rule.enter                       IdentifierPart
9:6-9:6 rule.enter                         IdentifierStart
9:6-9:6 rule.fail                          IdentifierStart
9:6-9:6 rule.fail                        IdentifierPart
9:3-9:6 rule.match                     IdentifierName
9:6-9:6 rule.enter                     __
9:6-9:6 rule.enter                       WhiteSpace
9:6-9:7 rule.match                       WhiteSpace
9:7-9:7 rule.enter                       WhiteSpace
9:7-9:7 rule.fail                        WhiteSpace
9:7-9:7 rule.enter                       LineTerminatorSequence
9:7-9:7 rule.fail                        LineTerminatorSequence
9:7-9:7 rule.enter                       Comment
9:7-9:7 rule.enter                         MultiLineComment
9:7-9:7 rule.fail                          MultiLineComment
9:7-9:7 rule.enter                         SingleLineComment
9:7-9:7 rule.fail                          SingleLineComment
9:7-9:7 rule.fail                        Comment
9:6-9:7 rule.match                     __
9:7-9:7 rule.enter                     StringLiteral
9:7-9:7 rule.fail                      StringLiteral
9:3-9:6 rule.match                   RuleReferenceExpression
9:3-9:6 rule.match                 PrimaryExpression
9:3-9:6 rule.match               SuffixedExpression
9:3-9:6 rule.match             PrefixedExpression
9:3-9:6 rule.match           LabeledExpression
9:6-9:6 rule.enter           __
9:6-9:6 rule.enter             WhiteSpace
9:6-9:7 rule.match             WhiteSpace
9:7-9:7 rule.enter             WhiteSpace
9:7-9:7 rule.fail              WhiteSpace
9:7-9:7 rule.enter             LineTerminatorSequence
9:7-9:7 rule.fail              LineTerminatorSequence
9:7-9:7 rule.enter             Comment
9:7-9:7 rule.enter               MultiLineComment
9:7-9:7 rule.fail                MultiLineComment
9:7-9:7 rule.enter               SingleLineComment
9:7-9:7 rule.fail                SingleLineComment
9:7-9:7 rule.fail              Comment
9:6-9:7 rule.match           __
9:7-9:7 rule.enter           LabeledExpression
9:7-9:7 rule.enter             Pluck
9:7-9:7 rule.fail              Pluck
9:7-9:7 rule.enter             LabelColon
9:7-9:7 rule.enter               IdentifierName
9:7-9:7 rule.enter                 IdentifierStart
9:7-9:8 rule.match                 IdentifierStart
9:8-9:8 rule.enter                 IdentifierPart
9:8-9:8 rule.enter                   IdentifierStart
9:8-9:9 rule.match                   IdentifierStart
9:8-9:9 rule.match                 IdentifierPart
9:9-9:9 rule.enter                 IdentifierPart
9:9-9:9 rule.enter                   IdentifierStart
9:9-9:9 rule.fail                    IdentifierStart
9:9-9:9 rule.fail                  IdentifierPart
9:7-9:9 rule.match               IdentifierName
9:9-9:9 rule.enter               __
9:9-9:9 rule.enter                 WhiteSpace
9:9-9:10 rule.match                 WhiteSpace
9:10-9:10 rule.enter                 WhiteSpace
9:10-9:10 rule.fail                  WhiteSpace
9:10-9:10 rule.enter                 LineTerminatorSequence
9:10-9:10 rule.fail                  LineTerminatorSequence
9:10-9:10 rule.enter                 Comment
9:10-9:10 rule.enter                   MultiLineComment
9:10-9:10 rule.fail                    MultiLineComment
9:10-9:10 rule.enter                   SingleLineComment
9:10-9:10 rule.fail                    SingleLineComment
9:10-9:10 rule.fail                  Comment
9:9-9:10 rule.match               __
9:7-9:7 rule.fail              LabelColon
9:7-9:7 rule.enter             PrefixedExpression
9:7-9:7 rule.enter               PrefixedOperator
9:7-9:7 rule.fail                PrefixedOperator
9:7-9:7 rule.enter               SuffixedExpression
9:7-9:7 rule.enter                 PrimaryExpression
9:7-9:7 rule.enter                   LiteralMatcher
9:7-9:7 rule.enter                     StringLiteral
9:7-9:7 rule.fail                      StringLiteral
9:7-9:7 rule.fail                    LiteralMatcher
9:7-9:7 rule.enter                   CharacterClassMatcher
9:7-9:7 rule.fail                    CharacterClassMatcher
9:7-9:7 rule.enter                   AnyMatcher
9:7-9:7 rule.fail                    AnyMatcher
9:7-9:7 rule.enter                   RuleReferenceExpression
9:7-9:7 rule.enter                     IdentifierName
9:7-9:7 rule.enter                       IdentifierStart
9:7-9:8 rule.match                       IdentifierStart
9:8-9:8 rule.enter                       IdentifierPart
9:8-9:8 rule.enter                         IdentifierStart
9:8-9:9 rule.match                         IdentifierStart
9:8-9:9 rule.match                       IdentifierPart
9:9-9:9 rule.enter                       IdentifierPart
9:9-9:9 rule.enter                         IdentifierStart
9:9-9:9 rule.fail                          IdentifierStart
9:9-9:9 rule.fail                        IdentifierPart
9:7-9:9 rule.match                     IdentifierName
9:9-9:9 rule.enter                     __
9:9-9:9 rule.enter                       WhiteSpace
9:9-9:10 rule.match                       WhiteSpace
9:10-9:10 rule.enter                       WhiteSpace
9:10-9:10 rule.fail                        WhiteSpace
9:10-9:10 rule.enter                       LineTerminatorSequence
9:10-9:10 rule.fail                        LineTerminatorSequence
9:10-9:10 rule.enter                       Comment
9:10-9:10 rule.enter                         MultiLineComment
9:10-9:10 rule.fail                          MultiLineComment
9:10-9:10 rule.enter                         SingleLineComment
9:10-9:10 rule.fail                          SingleLineComment
9:10-9:10 rule.fail                        Comment
9:9-9:10 rule.match                     __
9:10-9:10 rule.enter                     StringLiteral
9:11-9:11 rule.enter                       DoubleStringCharacter
9:11-9:11 rule.enter                         SourceCharacter
9:11-9:12 rule.match                         SourceCharacter
9:11-9:12 rule.match                       DoubleStringCharacter
9:12-9:12 rule.enter                       DoubleStringCharacter
9:12-9:12 rule.enter                         LineContinuation
9:12-9:12 rule.fail                          LineContinuation
9:12-9:12 rule.fail                        DoubleStringCharacter
9:10-9:13 rule.match                     StringLiteral
9:13-9:13 rule.enter                     __
9:13-9:13 rule.enter                       WhiteSpace
9:13-9:14 rule.match                       WhiteSpace
9:14-9:14 rule.enter                       WhiteSpace
9:14-9:14 rule.fail                        WhiteSpace
9:14-9:14 rule.enter                       LineTerminatorSequence
9:14-9:14 rule.fail                        LineTerminatorSequence
9:14-9:14 rule.enter                       Comment
9:14-9:14 rule.enter                         MultiLineComment
9:14-9:14 rule.fail                          MultiLineComment
9:14-9:14 rule.enter                         SingleLineComment
9:14-9:14 rule.fail                          SingleLineComment
9:14-9:14 rule.fail                        Comment
9:13-9:14 rule.match                     __
9:7-9:9 rule.match                   RuleReferenceExpression
9:7-9:9 rule.match                 PrimaryExpression
9:9-9:9 rule.enter                 __
9:9-9:9 rule.enter                   WhiteSpace
9:9-9:10 rule.match                   WhiteSpace
9:10-9:10 rule.enter                   WhiteSpace
9:10-9:10 rule.fail                    WhiteSpace
9:10-9:10 rule.enter                   LineTerminatorSequence
9:10-9:10 rule.fail                    LineTerminatorSequence
9:10-9:10 rule.enter                   Comment
9:10-9:10 rule.enter                     MultiLineComment
9:10-9:10 rule.fail                      MultiLineComment
9:10-9:10 rule.enter                     SingleLineComment
9:10-9:10 rule.fail                      SingleLineComment
9:10-9:10 rule.fail                    Comment
9:9-9:10 rule.match                 __
9:10-9:10 rule.enter                 SuffixedOperator
9:10-9:10 rule.fail                  SuffixedOperator
9:7-9:7 rule.enter                 RepeatedExpression
9:7-9:7 rule.enter                   PrimaryExpression
9:7-9:7 rule.enter                     LiteralMatcher
9:7-9:7 rule.enter                       StringLiteral
9:7-9:7 rule.fail                        StringLiteral
9:7-9:7 rule.fail                      LiteralMatcher
9:7-9:7 rule.enter                     CharacterClassMatcher
9:7-9:7 rule.fail                      CharacterClassMatcher
9:7-9:7 rule.enter                     AnyMatcher
9:7-9:7 rule.fail                      AnyMatcher
9:7-9:7 rule.enter                     RuleReferenceExpression
9:7-9:7 rule.enter                       IdentifierName
9:7-9:7 rule.enter                         IdentifierStart
9:7-9:8 rule.match                         IdentifierStart
9:8-9:8 rule.enter                         IdentifierPart
9:8-9:8 rule.enter                           IdentifierStart
9:8-9:9 rule.match                           IdentifierStart
9:8-9:9 rule.match                         IdentifierPart
9:9-9:9 rule.enter                         IdentifierPart
9:9-9:9 rule.enter                           IdentifierStart
9:9-9:9 rule.fail                            IdentifierStart
9:9-9:9 rule.fail                          IdentifierPart
9:7-9:9 rule.match                       IdentifierName
9:9-9:9 rule.enter                       __
9:9-9:9 rule.enter                         WhiteSpace
9:9-9:10 rule.match                         WhiteSpace
9:10-9:10 rule.enter                         WhiteSpace
9:10-9:10 rule.fail                          WhiteSpace
9:10-9:10 rule.enter                         LineTerminatorSequence
9:10-9:10 rule.fail                          LineTerminatorSequence
9:10-9:10 rule.enter                         Comment
9:10-9:10 rule.enter                           MultiLineComment
9:10-9:10 rule.fail                            MultiLineComment
9:10-9:10 rule.enter                           SingleLineComment
9:10-9:10 rule.fail                            SingleLineComment
9:10-9:10 rule.fail                          Comment
9:9-9:10 rule.match                       __
9:10-9:10 rule.enter                       StringLiteral
9:11-9:11 rule.enter                         DoubleStringCharacter
9:11-9:11 rule.enter                           SourceCharacter
9:11-9:12 rule.match                           SourceCharacter
9:11-9:12 rule.match                         DoubleStringCharacter
9:12-9:12 rule.enter                         DoubleStringCharacter
9:12-9:12 rule.enter                           LineContinuation
9:12-9:12 rule.fail                            LineContinuation
9:12-9:12 rule.fail                          DoubleStringCharacter
9:10-9:13 rule.match                       StringLiteral
9:13-9:13 rule.enter                       __
9:13-9:13 rule.enter                         WhiteSpace
9:13-9:14 rule.match                         WhiteSpace
9:14-9:14 rule.enter                         WhiteSpace
9:14-9:14 rule.fail                          WhiteSpace
9:14-9:14 rule.enter                         LineTerminatorSequence
9:14-9:14 rule.fail                          LineTerminatorSequence
9:14-9:14 rule.enter                         Comment
9:14-9:14 rule.enter                           MultiLineComment
9:14-9:14 rule.fail                            MultiLineComment
9:14-9:14 rule.enter                           SingleLineComment
9:14-9:14 rule.fail                            SingleLineComment
9:14-9:14 rule.fail                          Comment
9:13-9:14 rule.match                       __
9:7-9:9 rule.match                     RuleReferenceExpression
9:7-9:9 rule.match                   PrimaryExpression
9:9-9:9 rule.enter                   __
9:9-9:9 rule.enter                     WhiteSpace
9:9-9:10 rule.match                     WhiteSpace
9:10-9:10 rule.enter                     WhiteSpace
9:10-9:10 rule.fail                      WhiteSpace
9:10-9:10 rule.enter                     LineTerminatorSequence
9:10-9:10 rule.fail                      LineTerminatorSequence
9:10-9:10 rule.enter                     Comment
9:10-9:10 rule.enter                       MultiLineComment
9:10-9:10 rule.fail                        MultiLineComment
9:10-9:10 rule.enter                       SingleLineComment
9:10-9:10 rule.fail                        SingleLineComment
9:10-9:10 rule.fail                      Comment
9:9-9:10 rule.match                   __
9:7-9:7 rule.fail                  RepeatedExpression
9:7-9:7 rule.enter                 PrimaryExpression
9:7-9:7 rule.enter                   LiteralMatcher
9:7-9:7 rule.enter                     StringLiteral
9:7-9:7 rule.fail                      StringLiteral
9:7-9:7 rule.fail                    LiteralMatcher
9:7-9:7 rule.enter                   CharacterClassMatcher
9:7-9:7 rule.fail                    CharacterClassMatcher
9:7-9:7 rule.enter                   AnyMatcher
9:7-9:7 rule.fail                    AnyMatcher
9:7-9:7 rule.enter                   RuleReferenceExpression
9:7-9:7 rule.enter                     IdentifierName
9:7-9:7 rule.enter                       IdentifierStart
9:7-9:8 rule.match                       IdentifierStart
9:8-9:8 rule.enter                       IdentifierPart
9:8-9:8 rule.enter                         IdentifierStart
9:8-9:9 rule.match                         IdentifierStart
9:8-9:9 rule.match                       IdentifierPart
9:9-9:9 rule.enter                       IdentifierPart
9:9-9:9 rule.enter                         IdentifierStart
9:9-9:9 rule.fail                          IdentifierStart
9:9-9:9 rule.fail                        IdentifierPart
9:7-9:9 rule.match                     IdentifierName
9:9-9:9 rule.enter                     __
9:9-9:9 rule.enter                       WhiteSpace
9:9-9:10 rule.match                       WhiteSpace
9:10-9:10 rule.enter                       WhiteSpace
9:10-9:10 rule.fail                        WhiteSpace
9:10-9:10 rule.enter                       LineTerminatorSequence
9:10-9:10 rule.fail                        LineTerminatorSequence
9:10-9:10 rule.enter                       Comment
9:10-9:10 rule.enter                         MultiLineComment
9:10-9:10 rule.fail                          MultiLineComment
9:10-9:10 rule.enter                         SingleLineComment
9:10-9:10 rule.fail                          SingleLineComment
9:10-9:10 rule.fail                        Comment
9:9-9:10 rule.match                     __
9:10-9:10 rule.enter                     StringLiteral
9:11-9:11 rule.enter                       DoubleStringCharacter
9:11-9:11 rule.enter                         SourceCharacter
9:11-9:12 rule.match                         SourceCharacter
9:11-9:12 rule.match                       DoubleStringCharacter
9:12-9:12 rule.enter                       DoubleStringCharacter
9:12-9:12 rule.enter                         LineContinuation
9:12-9:12 rule.fail                          LineContinuation
9:12-9:12 rule.fail                        DoubleStringCharacter
9:10-9:13 rule.match                     StringLiteral
9:13-9:13 rule.enter                     __
9:13-9:13 rule.enter                       WhiteSpace
9:13-9:14 rule.match                       WhiteSpace
9:14-9:14 rule.enter                       WhiteSpace
9:14-9:14 rule.fail                        WhiteSpace
9:14-9:14 rule.enter                       LineTerminatorSequence
9:14-9:14 rule.fail                        LineTerminatorSequence
9:14-9:14 rule.enter                       Comment
9:14-9:14 rule.enter                         MultiLineComment
9:14-9:14 rule.fail                          MultiLineComment
9:14-9:14 rule.enter                         SingleLineComment
9:14-9:14 rule.fail                          SingleLineComment
9:14-9:14 rule.fail                        Comment
9:13-9:14 rule.match                     __
9:7-9:9 rule.match                   RuleReferenceExpression
9:7-9:9 rule.match                 PrimaryExpression
9:7-9:9 rule.match               SuffixedExpression
9:7-9:9 rule.match             PrefixedExpression
9:7-9:9 rule.match           LabeledExpression
9:9-9:9 rule.enter           __
9:9-9:9 rule.enter             WhiteSpace
9:9-9:10 rule.match             WhiteSpace
9:10-9:10 rule.enter             WhiteSpace
9:10-9:10 rule.fail              WhiteSpace
9:10-9:10 rule.enter             LineTerminatorSequence
9:10-9:10 rule.fail              LineTerminatorSequence
9:10-9:10 rule.enter             Comment
9:10-9:10 rule.enter               MultiLineComment
9:10-9:10 rule.fail                MultiLineComment
9:10-9:10 rule.enter               SingleLineComment
9:10-9:10 rule.fail                SingleLineComment
9:10-9:10 rule.fail              Comment
9:9-9:10 rule.match           __
9:10-9:10 rule.enter           LabeledExpression
9:10-9:10 rule.enter             Pluck
9:10-9:10 rule.fail              Pluck
9:10-9:10 rule.enter             LabelColon
9:10-9:10 rule.enter               IdentifierName
9:10-9:10 rule.enter                 IdentifierStart
9:10-9:10 rule.fail                  IdentifierStart
9:10-9:10 rule.fail                IdentifierName
9:10-9:10 rule.fail              LabelColon
9:10-9:10 rule.enter             PrefixedExpression
9:10-9:10 rule.enter               PrefixedOperator
9:10-9:10 rule.fail                PrefixedOperator
9:10-9:10 rule.enter               SuffixedExpression
9:10-9:10 rule.enter                 PrimaryExpression
9:10-9:10 rule.enter                   LiteralMatcher
9:10-9:10 rule.enter                     StringLiteral
9:11-9:11 rule.enter                       DoubleStringCharacter
9:11-9:11 rule.enter                         SourceCharacter
9:11-9:12 rule.match                         SourceCharacter
9:11-9:12 rule.match                       DoubleStringCharacter
9:12-9:12 rule.enter                       DoubleStringCharacter
9:12-9:12 rule.enter                         LineContinuation
9:12-9:12 rule.fail                          LineContinuation
9:12-9:12 rule.fail                        DoubleStringCharacter
9:10-9:13 rule.match                     StringLiteral
9:10-9:13 rule.match                   LiteralMatcher
9:10-9:13 rule.match                 PrimaryExpression
9:13-9:13 rule.enter                 __
9:13-9:13 rule.enter                   WhiteSpace
9:13-9:14 rule.match                   WhiteSpace
9:14-9:14 rule.enter                   WhiteSpace
9:14-9:14 rule.fail                    WhiteSpace
9:14-9:14 rule.enter                   LineTerminatorSequence
9:14-9:14 rule.fail                    LineTerminatorSequence
9:14-9:14 rule.enter                   Comment
9:14-9:14 rule.enter                     MultiLineComment
9:14-9:14 rule.fail                      MultiLineComment
9:14-9:14 rule.enter                     SingleLineComment
9:14-9:14 rule.fail                      SingleLineComment
9:14-9:14 rule.fail                    Comment
9:13-9:14 rule.match                 __
9:14-9:14 rule.enter                 SuffixedOperator
9:14-9:14 rule.fail                  SuffixedOperator
9:10-9:10 rule.enter                 RepeatedExpression
9:10-9:10 rule.enter                   PrimaryExpression
9:10-9:10 rule.enter                     LiteralMatcher
9:10-9:10 rule.enter                       StringLiteral
9:11-9:11 rule.enter                         DoubleStringCharacter
9:11-9:11 rule.enter                           SourceCharacter
9:11-9:12 rule.match                           SourceCharacter
9:11-9:12 rule.match                         DoubleStringCharacter
9:12-9:12 rule.enter                         DoubleStringCharacter
9:12-9:12 rule.enter                           LineContinuation
9:12-9:12 rule.fail                            LineContinuation
9:12-9:12 rule.fail                          DoubleStringCharacter
9:10-9:13 rule.match                       StringLiteral
9:10-9:13 rule.match                     LiteralMatcher
9:10-9:13 rule.match                   PrimaryExpression
9:13-9:13 rule.enter                   __
9:13-9:13 rule.enter                     WhiteSpace
9:13-9:14 rule.match                     WhiteSpace
9:14-9:14 rule.enter                     WhiteSpace
9:14-9:14 rule.fail                      WhiteSpace
9:14-9:14 rule.enter                     LineTerminatorSequence
9:14-9:14 rule.fail                      LineTerminatorSequence
9:14-9:14 rule.enter                     Comment
9:14-9:14 rule.enter                       MultiLineComment
9:14-9:14 rule.fail                        MultiLineComment
9:14-9:14 rule.enter                       SingleLineComment
9:14-9:14 rule.fail                        SingleLineComment
9:14-9:14 rule.fail                      Comment
9:13-9:14 rule.match                   __
9:10-9:10 rule.fail                  RepeatedExpression
9:10-9:10 rule.enter                 PrimaryExpression
9:10-9:10 rule.enter                   LiteralMatcher
9:10-9:10 rule.enter                     StringLiteral
9:11-9:11 rule.enter                       DoubleStringCharacter
9:11-9:11 rule.enter                         SourceCharacter
9:11-9:12 rule.match                         SourceCharacter
9:11-9:12 rule.match                       DoubleStringCharacter
9:12-9:12 rule.enter                       DoubleStringCharacter
9:12-9:12 rule.enter                         LineContinuation
9:12-9:12 rule.fail                          LineContinuation
9:12-9:12 rule.fail                        DoubleStringCharacter
9:10-9:13 rule.match                     StringLiteral
9:10-9:13 rule.match                   LiteralMatcher
9:10-9:13 rule.match                 PrimaryExpression
9:10-9:13 rule.match               SuffixedExpression
9:10-9:13 rule.match             PrefixedExpression
9:10-9:13 rule.match           LabeledExpression
9:13-9:13 rule.enter           __
9:13-9:13 rule.enter             WhiteSpace
9:13-9:14 rule.match             WhiteSpace
9:14-9:14 rule.enter             WhiteSpace
9:14-9:14 rule.fail              WhiteSpace
9:14-9:14 rule.enter             LineTerminatorSequence
9:14-9:14 rule.fail              LineTerminatorSequence
9:14-9:14 rule.enter             Comment
9:14-9:14 rule.enter               MultiLineComment
9:14-9:14 rule.fail                MultiLineComment
9:14-9:14 rule.enter               SingleLineComment
9:14-9:14 rule.fail                SingleLineComment
9:14-9:14 rule.fail              Comment
9:13-9:14 rule.match           __
9:14-9:14 rule.enter           LabeledExpression
9:14-9:14 rule.enter             Pluck
9:14-9:14 rule.fail              Pluck
9:14-9:14 rule.enter             LabelColon
9:14-9:14 rule.enter               IdentifierName
9:14-9:14 rule.enter                 IdentifierStart
9:14-9:15 rule.match                 IdentifierStart
9:15-9:15 rule.enter                 IdentifierPart
9:15-9:15 rule.enter                   IdentifierStart
9:15-9:16 rule.match                   IdentifierStart
9:15-9:16 rule.match                 IdentifierPart
9:16-9:16 rule.enter                 IdentifierPart
9:16-9:16 rule.enter                   IdentifierStart
9:16-9:16 rule.fail                    IdentifierStart
9:16-9:16 rule.fail                  IdentifierPart
9:14-9:16 rule.match               IdentifierName
9:16-9:16 rule.enter               __
9:16-9:16 rule.enter                 WhiteSpace
9:16-9:17 rule.match                 WhiteSpace
9:17-9:17 rule.enter                 WhiteSpace
9:17-9:17 rule.fail                  WhiteSpace
9:17-9:17 rule.enter                 LineTerminatorSequence
9:17-9:17 rule.fail                  LineTerminatorSequence
9:17-9:17 rule.enter                 Comment
9:17-9:17 rule.enter                   MultiLineComment
9:17-9:17 rule.fail                    MultiLineComment
9:17-9:17 rule.enter                   SingleLineComment
9:17-9:17 rule.fail                    SingleLineComment
9:17-9:17 rule.fail                  Comment
9:16-9:17 rule.match               __
9:14-9:14 rule.fail              LabelColon
9:14-9:14 rule.enter             PrefixedExpression
9:14-9:14 rule.enter               PrefixedOperator
9:14-9:14 rule.fail                PrefixedOperator
9:14-9:14 rule.enter               SuffixedExpression
9:14-9:14 rule.enter                 PrimaryExpression
9:14-9:14 rule.enter                   LiteralMatcher
9:14-9:14 rule.enter                     StringLiteral
9:14-9:14 rule.fail                      StringLiteral
9:14-9:14 rule.fail                    LiteralMatcher
9:14-9:14 rule.enter                   CharacterClassMatcher
9:14-9:14 rule.fail                    CharacterClassMatcher
9:14-9:14 rule.enter                   AnyMatcher
9:14-9:14 rule.fail                    AnyMatcher
9:14-9:14 rule.enter                   RuleReferenceExpression
9:14-9:14 rule.enter                     IdentifierName
9:14-9:14 rule.enter                       IdentifierStart
9:14-9:15 rule.match                       IdentifierStart
9:15-9:15 rule.enter                       IdentifierPart
9:15-9:15 rule.enter                         IdentifierStart
9:15-9:16 rule.match                         IdentifierStart
9:15-9:16 rule.match                       IdentifierPart
9:16-9:16 rule.enter                       IdentifierPart
9:16-9:16 rule.enter                         IdentifierStart
9:16-9:16 rule.fail                          IdentifierStart
9:16-9:16 rule.fail                        IdentifierPart
9:14-9:16 rule.match                     IdentifierName
9:16-9:16 rule.enter                     __
9:16-9:16 rule.enter                       WhiteSpace
9:16-9:17 rule.match                       WhiteSpace
9:17-9:17 rule.enter                       WhiteSpace
9:17-9:17 rule.fail                        WhiteSpace
9:17-9:17 rule.enter                       LineTerminatorSequence
9:17-9:17 rule.fail                        LineTerminatorSequence
9:17-9:17 rule.enter                       Comment
9:17-9:17 rule.enter                         MultiLineComment
9:17-9:17 rule.fail                          MultiLineComment
9:17-9:17 rule.enter                         SingleLineComment
9:17-9:17 rule.fail                          SingleLineComment
9:17-9:17 rule.fail                        Comment
9:16-9:17 rule.match                     __
9:17-9:17 rule.enter                     StringLiteral
9:17-9:17 rule.fail                      StringLiteral
9:14-9:16 rule.match                   RuleReferenceExpression
9:14-9:16 rule.match                 PrimaryExpression
9:16-9:16 rule.enter                 __
9:16-9:16 rule.enter                   WhiteSpace
9:16-9:17 rule.match                   WhiteSpace
9:17-9:17 rule.enter                   WhiteSpace
9:17-9:17 rule.fail                    WhiteSpace
9:17-9:17 rule.enter                   LineTerminatorSequence
9:17-9:17 rule.fail                    LineTerminatorSequence
9:17-9:17 rule.enter                   Comment
9:17-9:17 rule.enter                     MultiLineComment
9:17-9:17 rule.fail                      MultiLineComment
9:17-9:17 rule.enter                     SingleLineComment
9:17-9:17 rule.fail                      SingleLineComment
9:17-9:17 rule.fail                    Comment
9:16-9:17 rule.match                 __
9:17-9:17 rule.enter                 SuffixedOperator
9:17-9:17 rule.fail                  SuffixedOperator
9:14-9:14 rule.enter                 RepeatedExpression
9:14-9:14 rule.enter                   PrimaryExpression
9:14-9:14 rule.enter                     LiteralMatcher
9:14-9:14 rule.enter                       StringLiteral
9:14-9:14 rule.fail                        StringLiteral
9:14-9:14 rule.fail                      LiteralMatcher
9:14-9:14 rule.enter                     CharacterClassMatcher
9:14-9:14 rule.fail                      CharacterClassMatcher
9:14-9:14 rule.enter                     AnyMatcher
9:14-9:14 rule.fail                      AnyMatcher
9:14-9:14 rule.enter                     RuleReferenceExpression
9:14-9:14 rule.enter                       IdentifierName
9:14-9:14 rule.enter                         IdentifierStart
9:14-9:15 rule.match                         IdentifierStart
9:15-9:15 rule.enter                         IdentifierPart
9:15-9:15 rule.enter                           IdentifierStart
9:15-9:16 rule.match                           IdentifierStart
9:15-9:16 rule.match                         IdentifierPart
9:16-9:16 rule.enter                         IdentifierPart
9:16-9:16 rule.enter                           IdentifierStart
9:16-9:16 rule.fail                            IdentifierStart
9:16-9:16 rule.fail                          IdentifierPart
9:14-9:16 rule.match                       IdentifierName
9:16-9:16 rule.enter                       __
9:16-9:16 rule.enter                         WhiteSpace
9:16-9:17 rule.match                         WhiteSpace
9:17-9:17 rule.enter                         WhiteSpace
9:17-9:17 rule.fail                          WhiteSpace
9:17-9:17 rule.enter                         LineTerminatorSequence
9:17-9:17 rule.fail                          LineTerminatorSequence
9:17-9:17 rule.enter                         Comment
9:17-9:17 rule.enter                           MultiLineComment
9:17-9:17 rule.fail                            MultiLineComment
9:17-9:17 rule.enter                           SingleLineComment
9:17-9:17 rule.fail                            SingleLineComment
9:17-9:17 rule.fail                          Comment
9:16-9:17 rule.match                       __
9:17-9:17 rule.enter                       StringLiteral
9:17-9:17 rule.fail                        StringLiteral
9:14-9:16 rule.match                     RuleReferenceExpression
9:14-9:16 rule.match                   PrimaryExpression
9:16-9:16 rule.enter                   __
9:16-9:16 rule.enter                     WhiteSpace
9:16-9:17 rule.match                     WhiteSpace
9:17-9:17 rule.enter                     WhiteSpace
9:17-9:17 rule.fail                      WhiteSpace
9:17-9:17 rule.enter                     LineTerminatorSequence
9:17-9:17 rule.fail                      LineTerminatorSequence
9:17-9:17 rule.enter                     Comment
9:17-9:17 rule.enter                       MultiLineComment
9:17-9:17 rule.fail                        MultiLineComment
9:17-9:17 rule.enter                       SingleLineComment
9:17-9:17 rule.fail                        SingleLineComment
9:17-9:17 rule.fail                      Comment
9:16-9:17 rule.match                   __
9:14-9:14 rule.fail                  RepeatedExpression
9:14-9:14 rule.enter                 PrimaryExpression
9:14-9:14 rule.enter                   LiteralMatcher
9:14-9:14 rule.enter                     StringLiteral
9:14-9:14 rule.fail                      StringLiteral
9:14-9:14 rule.fail                    LiteralMatcher
9:14-9:14 rule.enter                   CharacterClassMatcher
9:14-9:14 rule.fail                    CharacterClassMatcher
9:14-9:14 rule.enter                   AnyMatcher
9:14-9:14 rule.fail                    AnyMatcher
9:14-9:14 rule.enter                   RuleReferenceExpression
9:14-9:14 rule.enter                     IdentifierName
9:14-9:14 rule.enter                       IdentifierStart
9:14-9:15 rule.match                       IdentifierStart
9:15-9:15 rule.enter                       IdentifierPart
9:15-9:15 rule.enter                         IdentifierStart
9:15-9:16 rule.match                         IdentifierStart
9:15-9:16 rule.match                       IdentifierPart
9:16-9:16 rule.enter                       IdentifierPart
9:16-9:16 rule.enter                         IdentifierStart
9:16-9:16 rule.fail                          IdentifierStart
9:16-9:16 rule.fail                        IdentifierPart
9:14-9:16 rule.match                     IdentifierName
9:16-9:16 rule.enter                     __
9:16-9:16 rule.enter                       WhiteSpace
9:16-9:17 rule.match                       WhiteSpace
9:17-9:17 rule.enter                       WhiteSpace
9:17-9:17 rule.fail                        WhiteSpace
9:17-9:17 rule.enter                       LineTerminatorSequence
9:17-9:17 rule.fail                        LineTerminatorSequence
9:17-9:17 rule.enter                       Comment
9:17-9:17 rule.enter                         MultiLineComment
9:17-9:17 rule.fail                          MultiLineComment
9:17-9:17 rule.enter                         SingleLineComment
9:17-9:17 rule.fail                          SingleLineComment
9:17-9:17 rule.fail                        Comment
9:16-9:17 rule.match                     __
9:17-9:17 rule.enter                     StringLiteral
9:17-9:17 rule.fail                      StringLiteral
9:14-9:16 rule.match                   RuleReferenceExpression
9:14-9:16 rule.match                 PrimaryExpression
9:14-9:16 rule.match               SuffixedExpression
9:14-9:16 rule.match             PrefixedExpression
9:14-9:16 rule.match           LabeledExpression
9:16-9:16 rule.enter           __
9:16-9:16 rule.enter             WhiteSpace
9:16-9:17 rule.match             WhiteSpace
9:17-9:17 rule.enter             WhiteSpace
9:17-9:17 rule.fail              WhiteSpace
9:17-9:17 rule.enter             LineTerminatorSequence
9:17-9:17 rule.fail              LineTerminatorSequence
9:17-9:17 rule.enter             Comment
9:17-9:17 rule.enter               MultiLineComment
9:17-9:17 rule.fail                MultiLineComment
9:17-9:17 rule.enter               SingleLineComment
9:17-9:17 rule.fail                SingleLineComment
9:17-9:17 rule.fail              Comment
9:16-9:17 rule.match           __
9:17-9:17 rule.enter           LabeledExpression
9:17-9:17 rule.enter             Pluck
9:17-9:17 rule.fail              Pluck
9:17-9:17 rule.enter             LabelColon
9:17-9:17 rule.enter               IdentifierName
9:17-9:17 rule.enter                 IdentifierStart
9:17-9:18 rule.match                 IdentifierStart
9:18-9:18 rule.enter                 IdentifierPart
9:18-9:18 rule.enter                   IdentifierStart
9:18-9:19 rule.match                   IdentifierStart
9:18-9:19 rule.match                 IdentifierPart
9:19-9:19 rule.enter                 IdentifierPart
9:19-9:19 rule.enter                   IdentifierStart
9:19-9:20 rule.match                   IdentifierStart
9:19-9:20 rule.match                 IdentifierPart
9:20-9:20 rule.enter                 IdentifierPart
9:20-9:20 rule.enter                   IdentifierStart
9:20-9:21 rule.match                   IdentifierStart
9:20-9:21 rule.match                 IdentifierPart
9:21-9:21 rule.enter                 IdentifierPart
9:21-9:21 rule.enter                   IdentifierStart
9:21-9:22 rule.match                   IdentifierStart
9:21-9:22 rule.match                 IdentifierPart
9:22-9:22 rule.enter                 IdentifierPart
9:22-9:22 rule.enter                   IdentifierStart
9:22-9:23 rule.match                   IdentifierStart
9:22-9:23 rule.match                 IdentifierPart
9:23-9:23 rule.enter                 IdentifierPart
9:23-9:23 rule.enter                   IdentifierStart
9:23-9:24 rule.match                   IdentifierStart
9:23-9:24 rule.match                 IdentifierPart
9:24-9:24 rule.enter                 IdentifierPart
9:24-9:24 rule.enter                   IdentifierStart
9:24-9:25 rule.match                   IdentifierStart
9:24-9:25 rule.match                 IdentifierPart
9:25-9:25 rule.enter                 IdentifierPart
9:25-9:25 rule.enter                   IdentifierStart
9:25-9:26 rule.match                   IdentifierStart
9:25-9:26 rule.match                 IdentifierPart
9:26-9:26 rule.enter                 IdentifierPart
9:26-9:26 rule.enter                   IdentifierStart
9:26-9:27 rule.match                   IdentifierStart
9:26-9:27 rule.match                 IdentifierPart
9:27-9:27 rule.enter                 IdentifierPart
9:27-9:27 rule.enter                   IdentifierStart
9:27-9:28 rule.match                   IdentifierStart
9:27-9:28 rule.match                 IdentifierPart
9:28-9:28 rule.enter                 IdentifierPart
9:28-9:28 rule.enter                   IdentifierStart
9:28-9:28 rule.fail                    IdentifierStart
9:28-9:28 rule.fail                  IdentifierPart
9:17-9:28 rule.match               IdentifierName
9:28-9:28 rule.enter               __
9:28-9:28 rule.enter                 WhiteSpace
9:28-9:28 rule.fail                  WhiteSpace
9:28-9:28 rule.enter                 LineTerminatorSequence
9:28-9:28 rule.fail                  LineTerminatorSequence
9:28-9:28 rule.enter                 Comment
9:28-9:28 rule.enter                   MultiLineComment
9:28-9:28 rule.fail                    MultiLineComment
9:28-9:28 rule.enter                   SingleLineComment
9:28-9:28 rule.fail                    SingleLineComment
9:28-9:28 rule.fail                  Comment
9:28-9:28 rule.match               __
9:29-9:29 rule.enter               __
9:29-9:29 rule.enter                 WhiteSpace
9:29-9:29 rule.fail                  WhiteSpace
9:29-9:29 rule.enter                 LineTerminatorSequence
9:29-9:29 rule.fail                  LineTerminatorSequence
9:29-9:29 rule.enter                 Comment
9:29-9:29 rule.enter                   MultiLineComment
9:29-9:29 rule.fail                    MultiLineComment
9:29-9:29 rule.enter                   SingleLineComment
9:29-9:29 rule.fail                    SingleLineComment
9:29-9:29 rule.fail                  Comment
9:29-9:29 rule.match               __
9:17-9:29 rule.match             LabelColon
9:29-9:29 rule.enter             PrefixedExpression
9:29-9:29 rule.enter               PrefixedOperator
9:29-9:29 rule.fail                PrefixedOperator
9:29-9:29 rule.enter               SuffixedExpression
9:29-9:29 rule.enter                 PrimaryExpression
9:29-9:29 rule.enter                   LiteralMatcher
9:29-9:29 rule.enter                     StringLiteral
9:29-9:29 rule.fail                      StringLiteral
9:29-9:29 rule.fail                    LiteralMatcher
9:29-9:29 rule.enter                   CharacterClassMatcher
9:29-9:29 rule.fail                    CharacterClassMatcher
9:29-9:29 rule.enter                   AnyMatcher
9:29-9:29 rule.fail                    AnyMatcher
9:29-9:29 rule.enter                   RuleReferenceExpression
9:29-9:29 rule.enter                     IdentifierName
9:29-9:29 rule.enter                       IdentifierStart
9:29-9:30 rule.match                       IdentifierStart
9:30-9:30 rule.enter                       IdentifierPart
9:30-9:30 rule.enter                         IdentifierStart
9:30-9:31 rule.match                         IdentifierStart
9:30-9:31 rule.match                       IdentifierPart
9:31-9:31 rule.enter                       IdentifierPart
9:31-9:31 rule.enter                         IdentifierStart
9:31-9:32 rule.match                         IdentifierStart
9:31-9:32 rule.match                       IdentifierPart
9:32-9:32 rule.enter                       IdentifierPart
9:32-9:32 rule.enter                         IdentifierStart
9:32-9:33 rule.match                         IdentifierStart
9:32-9:33 rule.match                       IdentifierPart
9:33-9:33 rule.enter                       IdentifierPart
9:33-9:33 rule.enter                         IdentifierStart
9:33-9:34 rule.match                         IdentifierStart
9:33-9:34 rule.match                       IdentifierPart
9:34-9:34 rule.enter                       IdentifierPart
9:34-9:34 rule.enter                         IdentifierStart
9:34-9:34 rule.fail                          IdentifierStart
9:34-9:34 rule.fail                        IdentifierPart
9:29-9:34 rule.match                     IdentifierName
9:34-9:34 rule.enter                     __
9:34-9:34 rule.enter                       WhiteSpace
9:34-9:35 rule.match                       WhiteSpace
9:35-9:35 rule.enter                       WhiteSpace
9:35-9:35 rule.fail                        WhiteSpace
9:35-9:35 rule.enter                       LineTerminatorSequence
9:35-9:35 rule.fail                        LineTerminatorSequence
9:35-9:35 rule.enter                       Comment
9:35-9:35 rule.enter                         MultiLineComment
9:35-9:35 rule.fail                          MultiLineComment
9:35-9:35 rule.enter                         SingleLineComment
9:35-9:35 rule.fail                          SingleLineComment
9:35-9:35 rule.fail                        Comment
9:34-9:35 rule.match                     __
9:35-9:35 rule.enter                     StringLiteral
9:35-9:35 rule.fail                      StringLiteral
9:29-9:34 rule.match                   RuleReferenceExpression
9:29-9:34 rule.match                 PrimaryExpression
9:34-9:34 rule.enter                 __
9:34-9:34 rule.enter                   WhiteSpace
9:34-9:35 rule.match                   WhiteSpace
9:35-9:35 rule.enter                   WhiteSpace
9:35-9:35 rule.fail                    WhiteSpace
9:35-9:35 rule.enter                   LineTerminatorSequence
9:35-9:35 rule.fail                    LineTerminatorSequence
9:35-9:35 rule.enter                   Comment
9:35-9:35 rule.enter                     MultiLineComment
9:35-9:35 rule.fail                      MultiLineComment
9:35-9:35 rule.enter                     SingleLineComment
9:35-9:35 rule.fail                      SingleLineComment
9:35-9:35 rule.fail                    Comment
9:34-9:35 rule.match                 __
9:35-9:35 rule.enter                 SuffixedOperator
9:35-9:35 rule.fail                  SuffixedOperator
9:29-9:29 rule.enter                 RepeatedExpression
9:29-9:29 rule.enter                   PrimaryExpression
9:29-9:29 rule.enter                     LiteralMatcher
9:29-9:29 rule.enter                       StringLiteral
9:29-9:29 rule.fail                        StringLiteral
9:29-9:29 rule.fail                      LiteralMatcher
9:29-9:29 rule.enter                     CharacterClassMatcher
9:29-9:29 rule.fail                      CharacterClassMatcher
9:29-9:29 rule.enter                     AnyMatcher
9:29-9:29 rule.fail                      AnyMatcher
9:29-9:29 rule.enter                     RuleReferenceExpression
9:29-9:29 rule.enter                       IdentifierName
9:29-9:29 rule.enter                         IdentifierStart
9:29-9:30 rule.match                         IdentifierStart
9:30-9:30 rule.enter                         IdentifierPart
9:30-9:30 rule.enter                           IdentifierStart
9:30-9:31 rule.match                           IdentifierStart
9:30-9:31 rule.match                         IdentifierPart
9:31-9:31 rule.enter                         IdentifierPart
9:31-9:31 rule.enter                           IdentifierStart
9:31-9:32 rule.match                           IdentifierStart
9:31-9:32 rule.match                         IdentifierPart
9:32-9:32 rule.enter                         IdentifierPart
9:32-9:32 rule.enter                           IdentifierStart
9:32-9:33 rule.match                           IdentifierStart
9:32-9:33 rule.match                         IdentifierPart
9:33-9:33 rule.enter                         IdentifierPart
9:33-9:33 rule.enter                           IdentifierStart
9:33-9:34 rule.match                           IdentifierStart
9:33-9:34 rule.match                         IdentifierPart
9:34-9:34 rule.enter                         IdentifierPart
9:34-9:34 rule.enter                           IdentifierStart
9:34-9:34 rule.fail                            IdentifierStart
9:34-9:34 rule.fail                          IdentifierPart
9:29-9:34 rule.match                       IdentifierName
9:34-9:34 rule.enter                       __
9:34-9:34 rule.enter                         WhiteSpace
9:34-9:35 rule.match                         WhiteSpace
9:35-9:35 rule.enter                         WhiteSpace
9:35-9:35 rule.fail                          WhiteSpace
9:35-9:35 rule.enter                         LineTerminatorSequence
9:35-9:35 rule.fail                          LineTerminatorSequence
9:35-9:35 rule.enter                         Comment
9:35-9:35 rule.enter                           MultiLineComment
9:35-9:35 rule.fail                            MultiLineComment
9:35-9:35 rule.enter                           SingleLineComment
9:35-9:35 rule.fail                            SingleLineComment
9:35-9:35 rule.fail                          Comment
9:34-9:35 rule.match                       __
9:35-9:35 rule.enter                       StringLiteral
9:35-9:35 rule.fail                        StringLiteral
9:29-9:34 rule.match                     RuleReferenceExpression
9:29-9:34 rule.match                   PrimaryExpression
9:34-9:34 rule.enter                   __
9:34-9:34 rule.enter                     WhiteSpace
9:34-9:35 rule.match                     WhiteSpace
9:35-9:35 rule.enter                     WhiteSpace
9:35-9:35 rule.fail                      WhiteSpace
9:35-9:35 rule.enter                     LineTerminatorSequence
9:35-9:35 rule.fail                      LineTerminatorSequence
9:35-9:35 rule.enter                     Comment
9:35-9:35 rule.enter                       MultiLineComment
9:35-9:35 rule.fail                        MultiLineComment
9:35-9:35 rule.enter                       SingleLineComment
9:35-9:35 rule.fail                        SingleLineComment
9:35-9:35 rule.fail                      Comment
9:34-9:35 rule.match                   __
9:29-9:29 rule.fail                  RepeatedExpression
9:29-9:29 rule.enter                 PrimaryExpression
9:29-9:29 rule.enter                   LiteralMatcher
9:29-9:29 rule.enter                     StringLiteral
9:29-9:29 rule.fail                      StringLiteral
9:29-9:29 rule.fail                    LiteralMatcher
9:29-9:29 rule.enter                   CharacterClassMatcher
9:29-9:29 rule.fail                    CharacterClassMatcher
9:29-9:29 rule.enter                   AnyMatcher
9:29-9:29 rule.fail                    AnyMatcher
9:29-9:29 rule.enter                   RuleReferenceExpression
9:29-9:29 rule.enter                     IdentifierName
9:29-9:29 rule.enter                       IdentifierStart
9:29-9:30 rule.match                       IdentifierStart
9:30-9:30 rule.enter                       IdentifierPart
9:30-9:30 rule.enter                         IdentifierStart
9:30-9:31 rule.match                         IdentifierStart
9:30-9:31 rule.match                       IdentifierPart
9:31-9:31 rule.enter                       IdentifierPart
9:31-9:31 rule.enter                         IdentifierStart
9:31-9:32 rule.match                         IdentifierStart
9:31-9:32 rule.match                       IdentifierPart
9:32-9:32 rule.enter                       IdentifierPart
9:32-9:32 rule.enter                         IdentifierStart
9:32-9:33 rule.match                         IdentifierStart
9:32-9:33 rule.match                       IdentifierPart
9:33-9:33 rule.enter                       IdentifierPart
9:33-9:33 rule.enter                         IdentifierStart
9:33-9:34 rule.match                         IdentifierStart
9:33-9:34 rule.match                       IdentifierPart
9:34-9:34 rule.enter                       IdentifierPart
9:34-9:34 rule.enter                         IdentifierStart
9:34-9:34 rule.fail                          IdentifierStart
9:34-9:34 rule.fail                        IdentifierPart
9:29-9:34 rule.match                     IdentifierName
9:34-9:34 rule.enter                     __
9:34-9:34 rule.enter                       WhiteSpace
9:34-9:35 rule.match                       WhiteSpace
9:35-9:35 rule.enter                       WhiteSpace
9:35-9:35 rule.fail                        WhiteSpace
9:35-9:35 rule.enter                       LineTerminatorSequence
9:35-9:35 rule.fail                        LineTerminatorSequence
9:35-9:35 rule.enter                       Comment
9:35-9:35 rule.enter                         MultiLineComment
9:35-9:35 rule.fail                          MultiLineComment
9:35-9:35 rule.enter                         SingleLineComment
9:35-9:35 rule.fail                          SingleLineComment
9:35-9:35 rule.fail                        Comment
9:34-9:35 rule.match                     __
9:35-9:35 rule.enter                     StringLiteral
9:35-9:35 rule.fail                      StringLiteral
9:29-9:34 rule.match                   RuleReferenceExpression
9:29-9:34 rule.match                 PrimaryExpression
9:29-9:34 rule.match               SuffixedExpression
9:29-9:34 rule.match             PrefixedExpression
9:17-9:34 rule.match           LabeledExpression
9:34-9:34 rule.enter           __
9:34-9:34 rule.enter             WhiteSpace
9:34-9:35 rule.match             WhiteSpace
9:35-9:35 rule.enter             WhiteSpace
9:35-9:35 rule.fail              WhiteSpace
9:35-9:35 rule.enter             LineTerminatorSequence
9:35-9:35 rule.fail              LineTerminatorSequence
9:35-9:35 rule.enter             Comment
9:35-9:35 rule.enter               MultiLineComment
9:35-9:35 rule.fail                MultiLineComment
9:35-9:35 rule.enter               SingleLineComment
9:35-9:35 rule.fail                SingleLineComment
9:35-9:35 rule.fail              Comment
9:34-9:35 rule.match           __
9:35-9:35 rule.enter           LabeledExpression
9:35-9:35 rule.enter             Pluck
9:35-9:35 rule.fail              Pluck
9:35-9:35 rule.enter             LabelColon
9:35-9:35 rule.enter               IdentifierName
9:35-9:35 rule.enter                 IdentifierStart
9:35-9:36 rule.match                 IdentifierStart
9:36-9:36 rule.enter                 IdentifierPart
9:36-9:36 rule.enter                   IdentifierStart
9:36-9:37 rule.match                   IdentifierStart
9:36-9:37 rule.match                 IdentifierPart
9:37-9:37 rule.enter                 IdentifierPart
9:37-9:37 rule.enter                   IdentifierStart
9:37-9:37 rule.fail                    IdentifierStart
9:37-9:37 rule.fail                  IdentifierPart
9:35-9:37 rule.match               IdentifierName
9:37-9:37 rule.enter               __
9:37-9:37 rule.enter                 WhiteSpace
9:37-9:38 rule.match                 WhiteSpace
9:38-9:38 rule.enter                 WhiteSpace
9:38-9:38 rule.fail                  WhiteSpace
9:38-9:38 rule.enter                 LineTerminatorSequence
9:38-9:38 rule.fail                  LineTerminatorSequence
9:38-9:38 rule.enter                 Comment
9:38-9:38 rule.enter                   MultiLineComment
9:38-9:38 rule.fail                    MultiLineComment
9:38-9:38 rule.enter                   SingleLineComment
9:38-9:38 rule.fail                    SingleLineComment
9:38-9:38 rule.fail                  Comment
9:37-9:38 rule.match               __
9:35-9:35 rule.fail              LabelColon
9:35-9:35 rule.enter             PrefixedExpression
9:35-9:35 rule.enter               PrefixedOperator
9:35-9:35 rule.fail                PrefixedOperator
9:35-9:35 rule.enter               SuffixedExpression
9:35-9:35 rule.enter                 PrimaryExpression
9:35-9:35 rule.enter                   LiteralMatcher
9:35-9:35 rule.enter                     StringLiteral
9:35-9:35 rule.fail                      StringLiteral
9:35-9:35 rule.fail                    LiteralMatcher
9:35-9:35 rule.enter                   CharacterClassMatcher
9:35-9:35 rule.fail                    CharacterClassMatcher
9:35-9:35 rule.enter                   AnyMatcher
9:35-9:35 rule.fail                    AnyMatcher
9:35-9:35 rule.enter                   RuleReferenceExpression
9:35-9:35 rule.enter                     IdentifierName
9:35-9:35 rule.enter                       IdentifierStart
9:35-9:36 rule.match                       IdentifierStart
9:36-9:36 rule.enter                       IdentifierPart
9:36-9:36 rule.enter                         IdentifierStart
9:36-9:37 rule.match                         IdentifierStart
9:36-9:37 rule.match                       IdentifierPart
9:37-9:37 rule.enter                       IdentifierPart
9:37-9:37 rule.enter                         IdentifierStart
9:37-9:37 rule.fail                          IdentifierStart
9:37-9:37 rule.fail                        IdentifierPart
9:35-9:37 rule.match                     IdentifierName
9:37-9:37 rule.enter                     __
9:37-9:37 rule.enter                       WhiteSpace
9:37-9:38 rule.match                       WhiteSpace
9:38-9:38 rule.enter                       WhiteSpace
9:38-9:38 rule.fail                        WhiteSpace
9:38-9:38 rule.enter                       LineTerminatorSequence
9:38-9:38 rule.fail                        LineTerminatorSequence
9:38-9:38 rule.enter                       Comment
9:38-9:38 rule.enter                         MultiLineComment
9:38-9:38 rule.fail                          MultiLineComment
9:38-9:38 rule.enter                         SingleLineComment
9:38-9:38 rule.fail                          SingleLineComment
9:38-9:38 rule.fail                        Comment
9:37-9:38 rule.match                     __
9:38-9:38 rule.enter                     StringLiteral
9:39-9:39 rule.enter                       DoubleStringCharacter
9:39-9:39 rule.enter                         SourceCharacter
9:39-9:40 rule.match                         SourceCharacter
9:39-9:40 rule.match                       DoubleStringCharacter
9:40-9:40 rule.enter                       DoubleStringCharacter
9:40-9:40 rule.enter                         LineContinuation
9:40-9:40 rule.fail                          LineContinuation
9:40-9:40 rule.fail                        DoubleStringCharacter
9:38-9:41 rule.match                     StringLiteral
9:41-9:41 rule.enter                     __
9:41-9:41 rule.enter                       WhiteSpace
9:41-9:42 rule.match                       WhiteSpace
9:42-9:42 rule.enter                       WhiteSpace
9:42-9:42 rule.fail                        WhiteSpace
9:42-9:42 rule.enter                       LineTerminatorSequence
9:42-9:42 rule.fail                        LineTerminatorSequence
9:42-9:42 rule.enter                       Comment
9:42-9:42 rule.enter                         MultiLineComment
9:42-9:42 rule.fail                          MultiLineComment
9:42-9:42 rule.enter                         SingleLineComment
9:42-9:42 rule.fail                          SingleLineComment
9:42-9:42 rule.fail                        Comment
9:41-9:42 rule.match                     __
9:35-9:37 rule.match                   RuleReferenceExpression
9:35-9:37 rule.match                 PrimaryExpression
9:37-9:37 rule.enter                 __
9:37-9:37 rule.enter                   WhiteSpace
9:37-9:38 rule.match                   WhiteSpace
9:38-9:38 rule.enter                   WhiteSpace
9:38-9:38 rule.fail                    WhiteSpace
9:38-9:38 rule.enter                   LineTerminatorSequence
9:38-9:38 rule.fail                    LineTerminatorSequence
9:38-9:38 rule.enter                   Comment
9:38-9:38 rule.enter                     MultiLineComment
9:38-9:38 rule.fail                      MultiLineComment
9:38-9:38 rule.enter                     SingleLineComment
9:38-9:38 rule.fail                      SingleLineComment
9:38-9:38 rule.fail                    Comment
9:37-9:38 rule.match                 __
9:38-9:38 rule.enter                 SuffixedOperator
9:38-9:38 rule.fail                  SuffixedOperator
9:35-9:35 rule.enter                 RepeatedExpression
9:35-9:35 rule.enter                   PrimaryExpression
9:35-9:35 rule.enter                     LiteralMatcher
9:35-9:35 rule.enter                       StringLiteral
9:35-9:35 rule.fail                        StringLiteral
9:35-9:35 rule.fail                      LiteralMatcher
9:35-9:35 rule.enter                     CharacterClassMatcher
9:35-9:35 rule.fail                      CharacterClassMatcher
9:35-9:35 rule.enter                     AnyMatcher
9:35-9:35 rule.fail                      AnyMatcher
9:35-9:35 rule.enter                     RuleReferenceExpression
9:35-9:35 rule.enter                       IdentifierName
9:35-9:35 rule.enter                         IdentifierStart
9:35-9:36 rule.match                         IdentifierStart
9:36-9:36 rule.enter                         IdentifierPart
9:36-9:36 rule.enter                           IdentifierStart
9:36-9:37 rule.match                           IdentifierStart
9:36-9:37 rule.match                         IdentifierPart
9:37-9:37 rule.enter                         IdentifierPart
9:37-9:37 rule.enter                           IdentifierStart
9:37-9:37 rule.fail                            IdentifierStart
9:37-9:37 rule.fail                          IdentifierPart
9:35-9:37 rule.match                       IdentifierName
9:37-9:37 rule.enter                       __
9:37-9:37 rule.enter                         WhiteSpace
9:37-9:38 rule.match                         WhiteSpace
9:38-9:38 rule.enter                         WhiteSpace
9:38-9:38 rule.fail                          WhiteSpace
9:38-9:38 rule.enter                         LineTerminatorSequence
9:38-9:38 rule.fail                          LineTerminatorSequence
9:38-9:38 rule.enter                         Comment
9:38-9:38 rule.enter                           MultiLineComment
9:38-9:38 rule.fail                            MultiLineComment
9:38-9:38 rule.enter                           SingleLineComment
9:38-9:38 rule.fail                            SingleLineComment
9:38-9:38 rule.fail                          Comment
9:37-9:38 rule.match                       __
9:38-9:38 rule.enter                       StringLiteral
9:39-9:39 rule.enter                         DoubleStringCharacter
9:39-9:39 rule.enter                           SourceCharacter
9:39-9:40 rule.match                           SourceCharacter
9:39-9:40 rule.match                         DoubleStringCharacter
9:40-9:40 rule.enter                         DoubleStringCharacter
9:40-9:40 rule.enter                           LineContinuation
9:40-9:40 rule.fail                            LineContinuation
9:40-9:40 rule.fail                          DoubleStringCharacter
9:38-9:41 rule.match                       StringLiteral
9:41-9:41 rule.enter                       __
9:41-9:41 rule.enter                         WhiteSpace
9:41-9:42 rule.match                         WhiteSpace
9:42-9:42 rule.enter                         WhiteSpace
9:42-9:42 rule.fail                          WhiteSpace
9:42-9:42 rule.enter                         LineTerminatorSequence
9:42-9:42 rule.fail                          LineTerminatorSequence
9:42-9:42 rule.enter                         Comment
9:42-9:42 rule.enter                           MultiLineComment
9:42-9:42 rule.fail                            MultiLineComment
9:42-9:42 rule.enter                           SingleLineComment
9:42-9:42 rule.fail                            SingleLineComment
9:42-9:42 rule.fail                          Comment
9:41-9:42 rule.match                       __
9:35-9:37 rule.match                     RuleReferenceExpression
9:35-9:37 rule.match                   PrimaryExpression
9:37-9:37 rule.enter                   __
9:37-9:37 rule.enter                     WhiteSpace
9:37-9:38 rule.match                     WhiteSpace
9:38-9:38 rule.enter                     WhiteSpace
9:38-9:38 rule.fail                      WhiteSpace
9:38-9:38 rule.enter                     LineTerminatorSequence
9:38-9:38 rule.fail                      LineTerminatorSequence
9:38-9:38 rule.enter                     Comment
9:38-9:38 rule.enter                       MultiLineComment
9:38-9:38 rule.fail                        MultiLineComment
9:38-9:38 rule.enter                       SingleLineComment
9:38-9:38 rule.fail                        SingleLineComment
9:38-9:38 rule.fail                      Comment
9:37-9:38 rule.match                   __
9:35-9:35 rule.fail                  RepeatedExpression
9:35-9:35 rule.enter                 PrimaryExpression
9:35-9:35 rule.enter                   LiteralMatcher
9:35-9:35 rule.enter                     StringLiteral
9:35-9:35 rule.fail                      StringLiteral
9:35-9:35 rule.fail                    LiteralMatcher
9:35-9:35 rule.enter                   CharacterClassMatcher
9:35-9:35 rule.fail                    CharacterClassMatcher
9:35-9:35 rule.enter                   AnyMatcher
9:35-9:35 rule.fail                    AnyMatcher
9:35-9:35 rule.enter                   RuleReferenceExpression
9:35-9:35 rule.enter                     IdentifierName
9:35-9:35 rule.enter                       IdentifierStart
9:35-9:36 rule.match                       IdentifierStart
9:36-9:36 rule.enter                       IdentifierPart
9:36-9:36 rule.enter                         IdentifierStart
9:36-9:37 rule.match                         IdentifierStart
9:36-9:37 rule.match                       IdentifierPart
9:37-9:37 rule.enter                       IdentifierPart
9:37-9:37 rule.enter                         IdentifierStart
9:37-9:37 rule.fail                          IdentifierStart
9:37-9:37 rule.fail                        IdentifierPart
9:35-9:37 rule.match                     IdentifierName
9:37-9:37 rule.enter                     __
9:37-9:37 rule.enter                       WhiteSpace
9:37-9:38 rule.match                       WhiteSpace
9:38-9:38 rule.enter                       WhiteSpace
9:38-9:38 rule.fail                        WhiteSpace
9:38-9:38 rule.enter                       LineTerminatorSequence
9:38-9:38 rule.fail                        LineTerminatorSequence
9:38-9:38 rule.enter                       Comment
9:38-9:38 rule.enter                         MultiLineComment
9:38-9:38 rule.fail                          MultiLineComment
9:38-9:38 rule.enter                         SingleLineComment
9:38-9:38 rule.fail                          SingleLineComment
9:38-9:38 rule.fail                        Comment
9:37-9:38 rule.match                     __
9:38-9:38 rule.enter                     StringLiteral
9:39-9:39 rule.enter                       DoubleStringCharacter
9:39-9:39 rule.enter                         SourceCharacter
9:39-9:40 rule.match                         SourceCharacter
9:39-9:40 rule.match                       DoubleStringCharacter
9:40-9:40 rule.enter                       DoubleStringCharacter
9:40-9:40 rule.enter                         LineContinuation
9:40-9:40 rule.fail                          LineContinuation
9:40-9:40 rule.fail                        DoubleStringCharacter
9:38-9:41 rule.match                     StringLiteral
9:41-9:41 rule.enter                     __
9:41-9:41 rule.enter                       WhiteSpace
9:41-9:42 rule.match                       WhiteSpace
9:42-9:42 rule.enter                       WhiteSpace
9:42-9:42 rule.fail                        WhiteSpace
9:42-9:42 rule.enter                       LineTerminatorSequence
9:42-9:42 rule.fail                        LineTerminatorSequence
9:42-9:42 rule.enter                       Comment
9:42-9:42 rule.enter                         MultiLineComment
9:42-9:42 rule.fail                          MultiLineComment
9:42-9:42 rule.enter                         SingleLineComment
9:42-9:42 rule.fail                          SingleLineComment
9:42-9:42 rule.fail                        Comment
9:41-9:42 rule.match                     __
9:35-9:37 rule.match                   RuleReferenceExpression
9:35-9:37 rule.match                 PrimaryExpression
9:35-9:37 rule.match               SuffixedExpression
9:35-9:37 rule.match             PrefixedExpression
9:35-9:37 rule.match           LabeledExpression
9:37-9:37 rule.enter           __
9:37-9:37 rule.enter             WhiteSpace
9:37-9:38 rule.match             WhiteSpace
9:38-9:38 rule.enter             WhiteSpace
9:38-9:38 rule.fail              WhiteSpace
9:38-9:38 rule.enter             LineTerminatorSequence
9:38-9:38 rule.fail              LineTerminatorSequence
9:38-9:38 rule.enter             Comment
9:38-9:38 rule.enter               MultiLineComment
9:38-9:38 rule.fail                MultiLineComment
9:38-9:38 rule.enter               SingleLineComment
9:38-9:38 rule.fail                SingleLineComment
9:38-9:38 rule.fail              Comment
9:37-9:38 rule.match           __
9:38-9:38 rule.enter           LabeledExpression
9:38-9:38 rule.enter             Pluck
9:38-9:38 rule.fail              Pluck
9:38-9:38 rule.enter             LabelColon
9:38-9:38 rule.enter               IdentifierName
9:38-9:38 rule.enter                 IdentifierStart
9:38-9:38 rule.fail                  IdentifierStart
9:38-9:38 rule.fail                IdentifierName
9:38-9:38 rule.fail              LabelColon
9:38-9:38 rule.enter             PrefixedExpression
9:38-9:38 rule.enter               PrefixedOperator
9:38-9:38 rule.fail                PrefixedOperator
9:38-9:38 rule.enter               SuffixedExpression
9:38-9:38 rule.enter                 PrimaryExpression
9:38-9:38 rule.enter                   LiteralMatcher
9:38-9:38 rule.enter                     StringLiteral
9:39-9:39 rule.enter                       DoubleStringCharacter
9:39-9:39 rule.enter                         SourceCharacter
9:39-9:40 rule.match                         SourceCharacter
9:39-9:40 rule.match                       DoubleStringCharacter
9:40-9:40 rule.enter                       DoubleStringCharacter
9:40-9:40 rule.enter                         LineContinuation
9:40-9:40 rule.fail                          LineContinuation
9:40-9:40 rule.fail                        DoubleStringCharacter
9:38-9:41 rule.match                     StringLiteral
9:38-9:41 rule.match                   LiteralMatcher
9:38-9:41 rule.match                 PrimaryExpression
9:41-9:41 rule.enter                 __
9:41-9:41 rule.enter                   WhiteSpace
9:41-9:42 rule.match                   WhiteSpace
9:42-9:42 rule.enter                   WhiteSpace
9:42-9:42 rule.fail                    WhiteSpace
9:42-9:42 rule.enter                   LineTerminatorSequence
9:42-9:42 rule.fail                    LineTerminatorSequence
9:42-9:42 rule.enter                   Comment
9:42-9:42 rule.enter                     MultiLineComment
9:42-9:42 rule.fail                      MultiLineComment
9:42-9:42 rule.enter                     SingleLineComment
9:42-9:42 rule.fail                      SingleLineComment
9:42-9:42 rule.fail                    Comment
9:41-9:42 rule.match                 __
9:42-9:42 rule.enter                 SuffixedOperator
9:42-9:42 rule.fail                  SuffixedOperator
9:38-9:38 rule.enter                 RepeatedExpression
9:38-9:38 rule.enter                   PrimaryExpression
9:38-9:38 rule.enter                     LiteralMatcher
9:38-9:38 rule.enter                       StringLiteral
9:39-9:39 rule.enter                         DoubleStringCharacter
9:39-9:39 rule.enter                           SourceCharacter
9:39-9:40 rule.match                           SourceCharacter
9:39-9:40 rule.match                         DoubleStringCharacter
9:40-9:40 rule.enter                         DoubleStringCharacter
9:40-9:40 rule.enter                           LineContinuation
9:40-9:40 rule.fail                            LineContinuation
9:40-9:40 rule.fail                          DoubleStringCharacter
9:38-9:41 rule.match                       StringLiteral
9:38-9:41 rule.match                     LiteralMatcher
9:38-9:41 rule.match                   PrimaryExpression
9:41-9:41 rule.enter                   __
9:41-9:41 rule.enter                     WhiteSpace
9:41-9:42 rule.match                     WhiteSpace
9:42-9:42 rule.enter                     WhiteSpace
9:42-9:42 rule.fail                      WhiteSpace
9:42-9:42 rule.enter                     LineTerminatorSequence
9:42-9:42 rule.fail                      LineTerminatorSequence
9:42-9:42 rule.enter                     Comment
9:42-9:42 rule.enter                       MultiLineComment
9:42-9:42 rule.fail                        MultiLineComment
9:42-9:42 rule.enter                       SingleLineComment
9:42-9:42 rule.fail                        SingleLineComment
9:42-9:42 rule.fail                      Comment
9:41-9:42 rule.match                   __
9:38-9:38 rule.fail                  RepeatedExpression
9:38-9:38 rule.enter                 PrimaryExpression
9:38-9:38 rule.enter                   LiteralMatcher
9:38-9:38 rule.enter                     StringLiteral
9:39-9:39 rule.enter                       DoubleStringCharacter
9:39-9:39 rule.enter                         SourceCharacter
9:39-9:40 rule.match                         SourceCharacter
9:39-9:40 rule.match                       DoubleStringCharacter
9:40-9:40 rule.enter                       DoubleStringCharacter
9:40-9:40 rule.enter                         LineContinuation
9:40-9:40 rule.fail                          LineContinuation
9:40-9:40 rule.fail                        DoubleStringCharacter
9:38-9:41 rule.match                     StringLiteral
9:38-9:41 rule.match                   LiteralMatcher
9:38-9:41 rule.match                 PrimaryExpression
9:38-9:41 rule.match               SuffixedExpression
9:38-9:41 rule.match             PrefixedExpression
9:38-9:41 rule.match           LabeledExpression
9:41-9:41 rule.enter           __
9:41-9:41 rule.enter             WhiteSpace
9:41-9:42 rule.match             WhiteSpace
9:42-9:42 rule.enter             WhiteSpace
9:42-9:42 rule.fail              WhiteSpace
9:42-9:42 rule.enter             LineTerminatorSequence
9:42-9:42 rule.fail              LineTerminatorSequence
9:42-9:42 rule.enter             Comment
9:42-9:42 rule.enter               MultiLineComment
9:42-9:42 rule.fail                MultiLineComment
9:42-9:42 rule.enter               SingleLineComment
9:42-9:42 rule.fail                SingleLineComment
9:42-9:42 rule.fail              Comment
9:41-9:42 rule.match           __
9:42-9:42 rule.enter           LabeledExpression
9:42-9:42 rule.enter             Pluck
9:42-9:42 rule.fail              Pluck
9:42-9:42 rule.enter             LabelColon
9:42-9:42 rule.enter               IdentifierName
9:42-9:42 rule.enter                 IdentifierStart
9:42-9:42 rule.fail                  IdentifierStart
9:42-9:42 rule.fail                IdentifierName
9:42-9:42 rule.fail              LabelColon
9:42-9:42 rule.enter             PrefixedExpression
9:42-9:42 rule.enter               PrefixedOperator
9:42-9:42 rule.fail                PrefixedOperator
9:42-9:42 rule.enter               SuffixedExpression
9:42-9:42 rule.enter                 PrimaryExpression
9:42-9:42 rule.enter                   LiteralMatcher
9:42-9:42 rule.enter                     StringLiteral
9:42-9:42 rule.fail                      StringLiteral
9:42-9:42 rule.fail                    LiteralMatcher
9:42-9:42 rule.enter                   CharacterClassMatcher
9:42-9:42 rule.fail                    CharacterClassMatcher
9:42-9:42 rule.enter                   AnyMatcher
9:42-9:42 rule.fail                    AnyMatcher
9:42-9:42 rule.enter                   RuleReferenceExpression
9:42-9:42 rule.enter                     IdentifierName
9:42-9:42 rule.enter                       IdentifierStart
9:42-9:42 rule.fail                        IdentifierStart
9:42-9:42 rule.fail                      IdentifierName
9:42-9:42 rule.fail                    RuleReferenceExpression
9:42-9:42 rule.enter                   SemanticPredicateExpression
9:42-9:42 rule.enter                     SemanticPredicateOperator
9:42-9:42 rule.fail                      SemanticPredicateOperator
9:42-9:42 rule.fail                    SemanticPredicateExpression
9:42-9:42 rule.fail                  PrimaryExpression
9:42-9:42 rule.enter                 RepeatedExpression
9:42-9:42 rule.enter                   PrimaryExpression
9:42-9:42 rule.enter                     LiteralMatcher
9:42-9:42 rule.enter                       StringLiteral
9:42-9:42 rule.fail                        StringLiteral
9:42-9:42 rule.fail                      LiteralMatcher
9:42-9:42 rule.enter                     CharacterClassMatcher
9:42-9:42 rule.fail                      CharacterClassMatcher
9:42-9:42 rule.enter                     AnyMatcher
9:42-9:42 rule.fail                      AnyMatcher
9:42-9:42 rule.enter                     RuleReferenceExpression
9:42-9:42 rule.enter                       IdentifierName
9:42-9:42 rule.enter                         IdentifierStart
9:42-9:42 rule.fail                          IdentifierStart
9:42-9:42 rule.fail                        IdentifierName
9:42-9:42 rule.fail                      RuleReferenceExpression
9:42-9:42 rule.enter                     SemanticPredicateExpression
9:42-9:42 rule.enter                       SemanticPredicateOperator
9:42-9:42 rule.fail                        SemanticPredicateOperator
9:42-9:42 rule.fail                      SemanticPredicateExpression
9:42-9:42 rule.fail                    PrimaryExpression
9:42-9:42 rule.fail                  RepeatedExpression
9:42-9:42 rule.enter                 PrimaryExpression
9:42-9:42 rule.enter                   LiteralMatcher
9:42-9:42 rule.enter                     StringLiteral
9:42-9:42 rule.fail                      StringLiteral
9:42-9:42 rule.fail                    LiteralMatcher
9:42-9:42 rule.enter                   CharacterClassMatcher
9:42-9:42 rule.fail                    CharacterClassMatcher
9:42-9:42 rule.enter                   AnyMatcher
9:42-9:42 rule.fail                    AnyMatcher
9:42-9:42 rule.enter                   RuleReferenceExpression
9:42-9:42 rule.enter                     IdentifierName
9:42-9:42 rule.enter                       IdentifierStart
9:42-9:42 rule.fail                        IdentifierStart
9:42-9:42 rule.fail                      IdentifierName
9:42-9:42 rule.fail                    RuleReferenceExpression
9:42-9:42 rule.enter                   SemanticPredicateExpression
9:42-9:42 rule.enter                     SemanticPredicateOperator
9:42-9:42 rule.fail                      SemanticPredicateOperator
9:42-9:42 rule.fail                    SemanticPredicateExpression
9:42-9:42 rule.fail                  PrimaryExpression
9:42-9:42 rule.fail                SuffixedExpression
9:42-9:42 rule.fail              PrefixedExpression
9:42-9:42 rule.fail            LabeledExpression
9:3-9:41 rule.match         SequenceExpression
9:41-9:41 rule.enter         __
9:41-9:41 rule.enter           WhiteSpace
9:41-9:42 rule.match           WhiteSpace
9:42-9:42 rule.enter           WhiteSpace
9:42-9:42 rule.fail            WhiteSpace
9:42-9:42 rule.enter           LineTerminatorSequence
9:42-9:42 rule.fail            LineTerminatorSequence
9:42-9:42 rule.enter           Comment
9:42-9:42 rule.enter             MultiLineComment
9:42-9:42 rule.fail              MultiLineComment
9:42-9:42 rule.enter             SingleLineComment
9:42-9:42 rule.fail              SingleLineComment
9:42-9:42 rule.fail            Comment
9:41-9:42 rule.match         __
9:42-9:42 rule.enter         CodeBlock
9:43-9:43 rule.enter           BareCodeBlock
9:43-9:43 rule.enter             Code
9:43-9:43 rule.enter               SourceCharacter
9:43-10:1 rule.match               SourceCharacter
10:1-10:1 rule.enter               SourceCharacter
10:1-10:2 rule.match               SourceCharacter
10:2-10:2 rule.enter               SourceCharacter
10:2-10:3 rule.match               SourceCharacter
10:3-10:3 rule.enter               SourceCharacter
10:3-10:4 rule.match               SourceCharacter
10:4-10:4 rule.enter               SourceCharacter
10:4-10:5 rule.match               SourceCharacter
10:5-10:5 rule.enter               SourceCharacter
10:5-10:6 rule.match               SourceCharacter
10:6-10:6 rule.enter               SourceCharacter
10:6-10:7 rule.match               SourceCharacter
10:7-10:7 rule.enter               SourceCharacter
10:7-10:8 rule.match               SourceCharacter
10:8-10:8 rule.enter               SourceCharacter
10:8-10:9 rule.match               SourceCharacter
10:9-10:9 rule.enter               SourceCharacter
10:9-10:10 rule.match               SourceCharacter
10:10-10:10 rule.enter               SourceCharacter
10:10-10:11 rule.match               SourceCharacter
10:11-10:11 rule.enter               SourceCharacter
10:11-10:12 rule.match               SourceCharacter
10:13-10:13 rule.enter               Code
10:13-10:13 rule.enter                 SourceCharacter
10:13-11:1 rule.match                 SourceCharacter
11:1-11:1 rule.enter                 SourceCharacter
11:1-11:2 rule.match                 SourceCharacter
11:2-11:2 rule.enter                 SourceCharacter
11:2-11:3 rule.match                 SourceCharacter
11:3-11:3 rule.enter                 SourceCharacter
11:3-11:4 rule.match                 SourceCharacter
11:4-11:4 rule.enter                 SourceCharacter
11:4-11:5 rule.match                 SourceCharacter
11:5-11:5 rule.enter                 SourceCharacter
11:5-11:6 rule.match                 SourceCharacter
11:6-11:6 rule.enter                 SourceCharacter
11:6-11:7 rule.match                 SourceCharacter
11:7-11:7 rule.enter                 SourceCharacter
11:7-11:8 rule.match                 SourceCharacter
11:8-11:8 rule.enter                 SourceCharacter
11:8-11:9 rule.match                 SourceCharacter
11:9-11:9 rule.enter                 SourceCharacter
11:9-11:10 rule.match                 SourceCharacter
11:10-11:10 rule.enter                 SourceCharacter
11:10-11:11 rule.match                 SourceCharacter
11:11-11:11 rule.enter                 SourceCharacter
11:11-12:1 rule.match                 SourceCharacter
12:1-12:1 rule.enter                 SourceCharacter
12:1-12:2 rule.match                 SourceCharacter
12:2-12:2 rule.enter                 SourceCharacter
12:2-12:3 rule.match                 SourceCharacter
12:3-12:3 rule.enter                 SourceCharacter
12:3-12:4 rule.match                 SourceCharacter
12:4-12:4 rule.enter                 SourceCharacter
12:4-12:5 rule.match                 SourceCharacter
12:5-12:5 rule.enter                 SourceCharacter
12:5-12:6 rule.match                 SourceCharacter
12:6-12:6 rule.enter                 SourceCharacter
12:6-12:7 rule.match                 SourceCharacter
12:7-12:7 rule.enter                 SourceCharacter
12:7-12:8 rule.match                 SourceCharacter
12:8-12:8 rule.enter                 SourceCharacter
12:8-12:9 rule.match                 SourceCharacter
12:9-12:9 rule.enter                 SourceCharacter
12:9-12:10 rule.match                 SourceCharacter
12:10-12:10 rule.enter                 SourceCharacter
12:10-12:11 rule.match                 SourceCharacter
12:11-12:11 rule.enter                 SourceCharacter
12:11-12:12 rule.match                 SourceCharacter
12:12-12:12 rule.enter                 SourceCharacter
12:12-12:13 rule.match                 SourceCharacter
12:13-12:13 rule.enter                 SourceCharacter
12:13-12:14 rule.match                 SourceCharacter
12:14-12:14 rule.enter                 SourceCharacter
12:14-12:15 rule.match                 SourceCharacter
12:15-12:15 rule.enter                 SourceCharacter
12:15-12:16 rule.match                 SourceCharacter
12:16-12:16 rule.enter                 SourceCharacter
12:16-12:17 rule.match                 SourceCharacter
12:17-12:17 rule.enter                 SourceCharacter
12:17-12:18 rule.match                 SourceCharacter
12:18-12:18 rule.enter                 SourceCharacter
12:18-12:19 rule.match                 SourceCharacter
12:19-12:19 rule.enter                 SourceCharacter
12:19-12:20 rule.match                 SourceCharacter
12:20-12:20 rule.enter                 SourceCharacter
12:20-12:21 rule.match                 SourceCharacter
12:21-12:21 rule.enter                 SourceCharacter
12:21-12:22 rule.match                 SourceCharacter
12:22-12:22 rule.enter                 SourceCharacter
12:22-12:23 rule.match                 SourceCharacter
12:23-12:23 rule.enter                 SourceCharacter
12:23-12:24 rule.match                 SourceCharacter
12:24-12:24 rule.enter                 SourceCharacter
12:24-12:25 rule.match                 SourceCharacter
12:25-12:25 rule.enter                 SourceCharacter
12:25-13:1 rule.match                 SourceCharacter
13:1-13:1 rule.enter                 SourceCharacter
13:1-13:2 rule.match                 SourceCharacter
13:2-13:2 rule.enter                 SourceCharacter
13:2-13:3 rule.match                 SourceCharacter
13:3-13:3 rule.enter                 SourceCharacter
13:3-13:4 rule.match                 SourceCharacter
13:4-13:4 rule.enter                 SourceCharacter
13:4-13:5 rule.match                 SourceCharacter
10:13-13:5 rule.match               Code
13:6-13:6 rule.enter               SourceCharacter
13:6-13:7 rule.match               SourceCharacter
13:7-13:7 rule.enter               SourceCharacter
13:7-14:1 rule.match               SourceCharacter
14:1-14:1 rule.enter               SourceCharacter
14:1-14:2 rule.match               SourceCharacter
14:2-14:2 rule.enter               SourceCharacter
14:2-14:3 rule.match               SourceCharacter
9:43-14:3 rule.match             Code
9:43-14:3 rule.match           BareCodeBlock
9:42-14:4 rule.match         CodeBlock
9:3-14:4 rule.match       ActionExpression
14:4-14:4 rule.enter       __
14:4-14:4 rule.enter         WhiteSpace
14:4-14:4 rule.fail          WhiteSpace
14:4-14:4 rule.enter         LineTerminatorSequence
14:4-15:1 rule.match         LineTerminatorSequence
15:1-15:1 rule.enter         WhiteSpace
15:1-15:1 rule.fail          WhiteSpace
15:1-15:1 rule.enter         LineTerminatorSequence
15:1-16:1 rule.match         LineTerminatorSequence
16:1-16:1 rule.enter         WhiteSpace
16:1-16:1 rule.fail          WhiteSpace
16:1-16:1 rule.enter         LineTerminatorSequence
16:1-16:1 rule.fail          LineTerminatorSequence
16:1-16:1 rule.enter         Comment
16:1-16:1 rule.enter           MultiLineComment
16:1-16:1 rule.fail            MultiLineComment
16:1-16:1 rule.enter           SingleLineComment
16:1-16:1 rule.fail            SingleLineComment
16:1-16:1 rule.fail          Comment
14:4-16:1 rule.match       __
9:3-14:4 rule.match     ChoiceExpression
14:4-14:4 rule.enter     EOS
14:4-14:4 rule.enter       __
14:4-14:4 rule.enter         WhiteSpace
14:4-14:4 rule.fail          WhiteSpace
14:4-14:4 rule.enter         LineTerminatorSequence
14:4-15:1 rule.match         LineTerminatorSequence
15:1-15:1 rule.enter         WhiteSpace
15:1-15:1 rule.fail          WhiteSpace
15:1-15:1 rule.enter         LineTerminatorSequence
15:1-16:1 rule.match         LineTerminatorSequence
16:1-16:1 rule.enter         WhiteSpace
16:1-16:1 rule.fail          WhiteSpace
16:1-16:1 rule.enter         LineTerminatorSequence
16:1-16:1 rule.fail          LineTerminatorSequence
16:1-16:1 rule.enter         Comment
16:1-16:1 rule.enter           MultiLineComment
16:1-16:1 rule.fail            MultiLineComment
16:1-16:1 rule.enter           SingleLineComment
16:1-16:1 rule.fail            SingleLineComment
16:1-16:1 rule.fail          Comment
14:4-16:1 rule.match       __
14:4-14:4 rule.enter       _
14:4-14:4 rule.enter         WhiteSpace
14:4-14:4 rule.fail          WhiteSpace
14:4-14:4 rule.enter         MultiLineCommentNoLineTerminator
14:4-14:4 rule.fail          MultiLineCommentNoLineTerminator
14:4-14:4 rule.match       _
14:4-14:4 rule.enter       SingleLineComment
14:4-14:4 rule.fail        SingleLineComment
14:4-14:4 rule.enter       LineTerminatorSequence
14:4-15:1 rule.match       LineTerminatorSequence
14:4-15:1 rule.match     EOS
8:1-15:1 rule.match   Rule
15:1-15:1 rule.enter   __
15:1-15:1 rule.enter     WhiteSpace
15:1-15:1 rule.fail      WhiteSpace
15:1-15:1 rule.enter     LineTerminatorSequence
15:1-16:1 rule.match     LineTerminatorSequence
16:1-16:1 rule.enter     WhiteSpace
16:1-16:1 rule.fail      WhiteSpace
16:1-16:1 rule.enter     LineTerminatorSequence
16:1-16:1 rule.fail      LineTerminatorSequence
16:1-16:1 rule.enter     Comment
16:1-16:1 rule.enter       MultiLineComment
16:1-16:1 rule.fail        MultiLineComment
16:1-16:1 rule.enter       SingleLineComment
16:1-16:1 rule.fail        SingleLineComment
16:1-16:1 rule.fail      Comment
15:1-16:1 rule.match   __
16:1-16:1 rule.enter   Rule
16:5-16:5 rule.enter     _
16:5-16:5 rule.enter       WhiteSpace
16:5-16:6 rule.match       WhiteSpace
16:6-16:6 rule.enter       WhiteSpace
16:6-16:6 rule.fail        WhiteSpace
16:6-16:6 rule.enter       MultiLineCommentNoLineTerminator
16:6-16:6 rule.fail        MultiLineCommentNoLineTerminator
16:5-16:6 rule.match     _
16:6-16:6 rule.enter     IdentifierName
16:6-16:6 rule.enter       IdentifierStart
16:6-16:7 rule.match       IdentifierStart
16:7-16:7 rule.enter       IdentifierPart
16:7-16:7 rule.enter         IdentifierStart
16:7-16:8 rule.match         IdentifierStart
16:7-16:8 rule.match       IdentifierPart
16:8-16:8 rule.enter       IdentifierPart
16:8-16:8 rule.enter         IdentifierStart
16:8-16:9 rule.match         IdentifierStart
16:8-16:9 rule.match       IdentifierPart
16:9-16:9 rule.enter       IdentifierPart
16:9-16:9 rule.enter         IdentifierStart
16:9-16:10 rule.match         IdentifierStart
16:9-16:10 rule.match       IdentifierPart
16:10-16:10 rule.enter       IdentifierPart
16:10-16:10 rule.enter         IdentifierStart
16:10-16:11 rule.match         IdentifierStart
16:10-16:11 rule.match       IdentifierPart
16:11-16:11 rule.enter       IdentifierPart
16:11-16:11 rule.enter         IdentifierStart
16:11-16:12 rule.match         IdentifierStart
16:11-16:12 rule.match       IdentifierPart
16:12-16:12 rule.enter       IdentifierPart
16:12-16:12 rule.enter         IdentifierStart
16:12-16:13 rule.match         IdentifierStart
16:12-16:13 rule.match       IdentifierPart
16:13-16:13 rule.enter       IdentifierPart
16:13-16:13 rule.enter         IdentifierStart
16:13-16:13 rule.fail          IdentifierStart
16:13-16:13 rule.fail        IdentifierPart
16:6-16:13 rule.match     IdentifierName
16:13-16:13 rule.enter     __
16:13-16:13 rule.enter       WhiteSpace
16:13-16:14 rule.match       WhiteSpace
16:14-16:14 rule.enter       WhiteSpace
16:14-16:14 rule.fail        WhiteSpace
16:14-16:14 rule.enter       LineTerminatorSequence
16:14-16:14 rule.fail        LineTerminatorSequence
16:14-16:14 rule.enter       Comment
16:14-16:14 rule.enter         MultiLineComment
16:14-16:14 rule.fail          MultiLineComment
16:14-16:14 rule.enter         SingleLineComment
16:14-16:14 rule.fail          SingleLineComment
16:14-16:14 rule.fail        Comment
16:13-16:14 rule.match     __
16:14-16:14 rule.enter     __
16:14-16:14 rule.enter       WhiteSpace
16:14-16:14 rule.fail        WhiteSpace
16:14-16:14 rule.enter       LineTerminatorSequence
16:14-16:14 rule.fail        LineTerminatorSequence
16:14-16:14 rule.enter       Comment
16:14-16:14 rule.enter         MultiLineComment
16:14-16:14 rule.fail          MultiLineComment
16:14-16:14 rule.enter         SingleLineComment
16:14-16:14 rule.fail          SingleLineComment
16:14-16:14 rule.fail        Comment
16:14-16:14 rule.match     __
16:15-16:15 rule.enter     __
16:15-16:15 rule.enter       WhiteSpace
16:15-16:16 rule.match       WhiteSpace
16:16-16:16 rule.enter       WhiteSpace
16:16-16:16 rule.fail        WhiteSpace
16:16-16:16 rule.enter       LineTerminatorSequence
16:16-16:16 rule.fail        LineTerminatorSequence
16:16-16:16 rule.enter       Comment
16:16-16:16 rule.enter         MultiLineComment
16:16-16:16 rule.fail          MultiLineComment
16:16-16:16 rule.enter         SingleLineComment
16:16-16:16 rule.fail          SingleLineComment
16:16-16:16 rule.fail        Comment
16:15-16:16 rule.match     __
16:16-16:16 rule.enter     ChoiceExpression
16:16-16:16 rule.enter       ActionExpression
16:16-16:16 rule.enter         SequenceExpression
16:16-16:16 rule.enter           LabeledExpression
16:16-16:16 rule.enter             Pluck
16:16-16:16 rule.fail              Pluck
16:16-16:16 rule.enter             LabelColon
16:16-16:16 rule.enter               IdentifierName
16:16-16:16 rule.enter                 IdentifierStart
16:16-16:16 rule.fail                  IdentifierStart
16:16-16:16 rule.fail                IdentifierName
16:16-16:16 rule.fail              LabelColon
16:16-16:16 rule.enter             PrefixedExpression
16:16-16:16 rule.enter               PrefixedOperator
16:16-16:16 rule.fail                PrefixedOperator
16:16-16:16 rule.enter               SuffixedExpression
16:16-16:16 rule.enter                 PrimaryExpression
16:16-16:16 rule.enter                   LiteralMatcher
16:16-16:16 rule.enter                     StringLiteral
16:16-16:16 rule.fail                      StringLiteral
16:16-16:16 rule.fail                    LiteralMatcher
16:16-16:16 rule.enter                   CharacterClassMatcher
16:17-16:17 rule.enter                     ClassCharacterRange
16:17-16:17 rule.enter                       ClassCharacter
16:17-16:17 rule.enter                         SourceCharacter
16:17-16:18 rule.match                         SourceCharacter
16:17-16:18 rule.match                       ClassCharacter
16:19-16:19 rule.enter                       ClassCharacter
16:19-16:19 rule.enter                         SourceCharacter
16:19-16:20 rule.match                         SourceCharacter
16:19-16:20 rule.match                       ClassCharacter
16:17-16:20 rule.match                     ClassCharacterRange
16:20-16:20 rule.enter                     ClassCharacterRange
16:20-16:20 rule.enter                       ClassCharacter
16:20-16:20 rule.enter                         LineContinuation
16:20-16:20 rule.fail                          LineContinuation
16:20-16:20 rule.fail                        ClassCharacter
16:20-16:20 rule.fail                      ClassCharacterRange
16:20-16:20 rule.enter                     ClassCharacter
16:20-16:20 rule.enter                       LineContinuation
16:20-16:20 rule.fail                        LineContinuation
16:20-16:20 rule.fail                      ClassCharacter
16:16-16:21 rule.match                   CharacterClassMatcher
16:16-16:21 rule.match                 PrimaryExpression
16:21-16:21 rule.enter                 __
16:21-16:21 rule.enter                   WhiteSpace
16:21-16:21 rule.fail                    WhiteSpace
16:21-16:21 rule.enter                   LineTerminatorSequence
16:21-16:21 rule.fail                    LineTerminatorSequence
16:21-16:21 rule.enter                   Comment
16:21-16:21 rule.enter                     MultiLineComment
16:21-16:21 rule.fail                      MultiLineComment
16:21-16:21 rule.enter                     SingleLineComment
16:21-16:21 rule.fail                      SingleLineComment
16:21-16:21 rule.fail                    Comment
16:21-16:21 rule.match                 __
16:21-16:21 rule.enter                 SuffixedOperator
16:21-16:22 rule.match                 SuffixedOperator
16:16-16:22 rule.match               SuffixedExpression
16:16-16:22 rule.match             PrefixedExpression
16:16-16:22 rule.match           LabeledExpression
16:22-16:22 rule.enter           __
16:22-16:22 rule.enter             WhiteSpace
16:22-16:23 rule.match             WhiteSpace
16:23-16:23 rule.enter             WhiteSpace
16:23-16:23 rule.fail              WhiteSpace
16:23-16:23 rule.enter             LineTerminatorSequence
16:23-16:23 rule.fail              LineTerminatorSequence
16:23-16:23 rule.enter             Comment
16:23-16:23 rule.enter               MultiLineComment
16:23-16:23 rule.fail                MultiLineComment
16:23-16:23 rule.enter               SingleLineComment
16:23-16:23 rule.fail                SingleLineComment
16:23-16:23 rule.fail              Comment
16:22-16:23 rule.match           __
16:23-16:23 rule.enter           LabeledExpression
16:23-16:23 rule.enter             Pluck
16:23-16:23 rule.fail              Pluck
16:23-16:23 rule.enter             LabelColon
16:23-16:23 rule.enter               IdentifierName
16:23-16:23 rule.enter                 IdentifierStart
16:23-16:23 rule.fail                  IdentifierStart
16:23-16:23 rule.fail                IdentifierName
16:23-16:23 rule.fail              LabelColon
16:23-16:23 rule.enter             PrefixedExpression
16:23-16:23 rule.enter               PrefixedOperator
16:23-16:23 rule.fail                PrefixedOperator
16:23-16:23 rule.enter               SuffixedExpression
16:23-16:23 rule.enter                 PrimaryExpression
16:23-16:23 rule.enter                   LiteralMatcher
16:23-16:23 rule.enter                     StringLiteral
16:23-16:23 rule.fail                      StringLiteral
16:23-16:23 rule.fail                    LiteralMatcher
16:23-16:23 rule.enter                   CharacterClassMatcher
16:23-16:23 rule.fail                    CharacterClassMatcher
16:23-16:23 rule.enter                   AnyMatcher
16:23-16:23 rule.fail                    AnyMatcher
16:23-16:23 rule.enter                   RuleReferenceExpression
16:23-16:23 rule.enter                     IdentifierName
16:23-16:23 rule.enter                       IdentifierStart
16:23-16:23 rule.fail                        IdentifierStart
16:23-16:23 rule.fail                      IdentifierName
16:23-16:23 rule.fail                    RuleReferenceExpression
16:23-16:23 rule.enter                   SemanticPredicateExpression
16:23-16:23 rule.enter                     SemanticPredicateOperator
16:23-16:23 rule.fail                      SemanticPredicateOperator
16:23-16:23 rule.fail                    SemanticPredicateExpression
16:23-16:23 rule.fail                  PrimaryExpression
16:23-16:23 rule.enter                 RepeatedExpression
16:23-16:23 rule.enter                   PrimaryExpression
16:23-16:23 rule.enter                     LiteralMatcher
16:23-16:23 rule.enter                       StringLiteral
16:23-16:23 rule.fail                        StringLiteral
16:23-16:23 rule.fail                      LiteralMatcher
16:23-16:23 rule.enter                     CharacterClassMatcher
16:23-16:23 rule.fail                      CharacterClassMatcher
16:23-16:23 rule.enter                     AnyMatcher
16:23-16:23 rule.fail                      AnyMatcher
16:23-16:23 rule.enter                     RuleReferenceExpression
16:23-16:23 rule.enter                       IdentifierName
16:23-16:23 rule.enter                         IdentifierStart
16:23-16:23 rule.fail                          IdentifierStart
16:23-16:23 rule.fail                        IdentifierName
16:23-16:23 rule.fail                      RuleReferenceExpression
16:23-16:23 rule.enter                     SemanticPredicateExpression
16:23-16:23 rule.enter                       SemanticPredicateOperator
16:23-16:23 rule.fail                        SemanticPredicateOperator
16:23-16:23 rule.fail                      SemanticPredicateExpression
16:23-16:23 rule.fail                    PrimaryExpression
16:23-16:23 rule.fail                  RepeatedExpression
16:23-16:23 rule.enter                 PrimaryExpression
16:23-16:23 rule.enter                   LiteralMatcher
16:23-16:23 rule.enter                     StringLiteral
16:23-16:23 rule.fail                      StringLiteral
16:23-16:23 rule.fail                    LiteralMatcher
16:23-16:23 rule.enter                   CharacterClassMatcher
16:23-16:23 rule.fail                    CharacterClassMatcher
16:23-16:23 rule.enter                   AnyMatcher
16:23-16:23 rule.fail                    AnyMatcher
16:23-16:23 rule.enter                   RuleReferenceExpression
16:23-16:23 rule.enter                     IdentifierName
16:23-16:23 rule.enter                       IdentifierStart
16:23-16:23 rule.fail                        IdentifierStart
16:23-16:23 rule.fail                      IdentifierName
16:23-16:23 rule.fail                    RuleReferenceExpression
16:23-16:23 rule.enter                   SemanticPredicateExpression
16:23-16:23 rule.enter                     SemanticPredicateOperator
16:23-16:23 rule.fail                      SemanticPredicateOperator
16:23-16:23 rule.fail                    SemanticPredicateExpression
16:23-16:23 rule.fail                  PrimaryExpression
16:23-16:23 rule.fail                SuffixedExpression
16:23-16:23 rule.fail              PrefixedExpression
16:23-16:23 rule.fail            LabeledExpression
16:16-16:22 rule.match         SequenceExpression
16:22-16:22 rule.enter         __
16:22-16:22 rule.enter           WhiteSpace
16:22-16:23 rule.match           WhiteSpace
16:23-16:23 rule.enter           WhiteSpace
16:23-16:23 rule.fail            WhiteSpace
16:23-16:23 rule.enter           LineTerminatorSequence
16:23-16:23 rule.fail            LineTerminatorSequence
16:23-16:23 rule.enter           Comment
16:23-16:23 rule.enter             MultiLineComment
16:23-16:23 rule.fail              MultiLineComment
16:23-16:23 rule.enter             SingleLineComment
16:23-16:23 rule.fail              SingleLineComment
16:23-16:23 rule.fail            Comment
16:22-16:23 rule.match         __
16:23-16:23 rule.enter         CodeBlock
16:24-16:24 rule.enter           BareCodeBlock
16:24-16:24 rule.enter             Code
16:24-16:24 rule.enter               SourceCharacter
16:24-17:1 rule.match               SourceCharacter
17:1-17:1 rule.enter               SourceCharacter
17:1-17:2 rule.match               SourceCharacter
17:2-17:2 rule.enter               SourceCharacter
17:2-17:3 rule.match               SourceCharacter
17:3-17:3 rule.enter               SourceCharacter
17:3-17:4 rule.match               SourceCharacter
17:4-17:4 rule.enter               SourceCharacter
17:4-17:5 rule.match               SourceCharacter
17:5-17:5 rule.enter               SourceCharacter
17:5-17:6 rule.match               SourceCharacter
17:6-17:6 rule.enter               SourceCharacter
17:6-17:7 rule.match               SourceCharacter
17:7-17:7 rule.enter               SourceCharacter
17:7-17:8 rule.match               SourceCharacter
17:8-17:8 rule.enter               SourceCharacter
17:8-17:9 rule.match               SourceCharacter
17:9-17:9 rule.enter               SourceCharacter
17:9-17:10 rule.match               SourceCharacter
17:10-17:10 rule.enter               SourceCharacter
17:10-17:11 rule.match               SourceCharacter
17:11-17:11 rule.enter               SourceCharacter
17:11-17:12 rule.match               SourceCharacter
17:12-17:12 rule.enter               SourceCharacter
17:12-17:13 rule.match               SourceCharacter
17:13-17:13 rule.enter               SourceCharacter
17:13-17:14 rule.match               SourceCharacter
17:14-17:14 rule.enter               SourceCharacter
17:14-17:15 rule.match               SourceCharacter
17:15-17:15 rule.enter               SourceCharacter
17:15-17:16 rule.match               SourceCharacter
17:16-17:16 rule.enter               SourceCharacter
17:16-17:17 rule.match               SourceCharacter
17:17-17:17 rule.enter               SourceCharacter
17:17-17:18 rule.match               SourceCharacter
17:18-17:18 rule.enter               SourceCharacter
17:18-17:19 rule.match               SourceCharacter
17:19-17:19 rule.enter               SourceCharacter
17:19-17:20 rule.match               SourceCharacter
17:20-17:20 rule.enter               SourceCharacter
17:20-17:21 rule.match               SourceCharacter
17:21-17:21 rule.enter               SourceCharacter
17:21-17:22 rule.match               SourceCharacter
17:22-17:22 rule.enter               SourceCharacter
17:22-17:23 rule.match               SourceCharacter
17:23-17:23 rule.enter               SourceCharacter
17:23-17:24 rule.match               SourceCharacter
17:24-17:24 rule.enter               SourceCharacter
17:24-18:1 rule.match               SourceCharacter
16:24-18:1 rule.match             Code
16:24-18:1 rule.match           BareCodeBlock
16:23-18:2 rule.match         CodeBlock
16:16-18:2 rule.match       ActionExpression
18:2-18:2 rule.enter       __
18:2-18:2 rule.enter         WhiteSpace
18:2-18:2 rule.fail          WhiteSpace
18:2-18:2 rule.enter         LineTerminatorSequence
18:2-19:1 rule.match         LineTerminatorSequence
19:1-19:1 rule.enter         WhiteSpace
19:1-19:1 rule.fail          WhiteSpace
19:1-19:1 rule.enter         LineTerminatorSequence
19:1-20:1 rule.match         LineTerminatorSequence
20:1-20:1 rule.enter         WhiteSpace
20:1-20:1 rule.fail          WhiteSpace
20:1-20:1 rule.enter         LineTerminatorSequence
20:1-20:1 rule.fail          LineTerminatorSequence
20:1-20:1 rule.enter         Comment
20:1-20:1 rule.enter           MultiLineComment
20:1-20:1 rule.fail            MultiLineComment
20:1-20:1 rule.enter           SingleLineComment
20:1-20:1 rule.fail            SingleLineComment
20:1-20:1 rule.fail          Comment
18:2-20:1 rule.match       __
16:16-18:2 rule.match     ChoiceExpression
18:2-18:2 rule.enter     EOS
18:2-18:2 rule.enter       __
18:2-18:2 rule.enter         WhiteSpace
18:2-18:2 rule.fail          WhiteSpace
18:2-18:2 rule.enter         LineTerminatorSequence
18:2-19:1 rule.match         LineTerminatorSequence
19:1-19:1 rule.enter         WhiteSpace
19:1-19:1 rule.fail          WhiteSpace
19:1-19:1 rule.enter         LineTerminatorSequence
19:1-20:1 rule.match         LineTerminatorSequence
20:1-20:1 rule.enter         WhiteSpace
20:1-20:1 rule.fail          WhiteSpace
20:1-20:1 rule.enter         LineTerminatorSequence
20:1-20:1 rule.fail          LineTerminatorSequence
20:1-20:1 rule.enter         Comment
20:1-20:1 rule.enter           MultiLineComment
20:1-20:1 rule.fail            MultiLineComment
20:1-20:1 rule.enter           SingleLineComment
20:1-20:1 rule.fail            SingleLineComment
20:1-20:1 rule.fail          Comment
18:2-20:1 rule.match       __
18:2-18:2 rule.enter       _
18:2-18:2 rule.enter         WhiteSpace
18:2-18:2 rule.fail          WhiteSpace
18:2-18:2 rule.enter         MultiLineCommentNoLineTerminator
18:2-18:2 rule.fail          MultiLineCommentNoLineTerminator
18:2-18:2 rule.match       _
18:2-18:2 rule.enter       SingleLineComment
18:2-18:2 rule.fail        SingleLineComment
18:2-18:2 rule.enter       LineTerminatorSequence
18:2-19:1 rule.match       LineTerminatorSequence
18:2-19:1 rule.match     EOS
16:1-19:1 rule.match   Rule
19:1-19:1 rule.enter   __
19:1-19:1 rule.enter     WhiteSpace
19:1-19:1 rule.fail      WhiteSpace
19:1-19:1 rule.enter     LineTerminatorSequence
19:1-20:1 rule.match     LineTerminatorSequence
20:1-20:1 rule.enter     WhiteSpace
20:1-20:1 rule.fail      WhiteSpace
20:1-20:1 rule.enter     LineTerminatorSequence
20:1-20:1 rule.fail      LineTerminatorSequence
20:1-20:1 rule.enter     Comment
20:1-20:1 rule.enter       MultiLineComment
20:1-20:1 rule.fail        MultiLineComment
20:1-20:1 rule.enter       SingleLineComment
20:1-20:1 rule.fail        SingleLineComment
20:1-20:1 rule.fail      Comment
19:1-20:1 rule.match   __
20:1-20:1 rule.enter   Rule
20:5-20:5 rule.enter     _
20:5-20:5 rule.enter       WhiteSpace
20:5-20:6 rule.match       WhiteSpace
20:6-20:6 rule.enter       WhiteSpace
20:6-20:6 rule.fail        WhiteSpace
20:6-20:6 rule.enter       MultiLineCommentNoLineTerminator
20:6-20:6 rule.fail        MultiLineCommentNoLineTerminator
20:5-20:6 rule.match     _
20:6-20:6 rule.enter     IdentifierName
20:6-20:6 rule.enter       IdentifierStart
20:6-20:7 rule.match       IdentifierStart
20:7-20:7 rule.enter       IdentifierPart
20:7-20:7 rule.enter         IdentifierStart
20:7-20:8 rule.match         IdentifierStart
20:7-20:8 rule.match       IdentifierPart
20:8-20:8 rule.enter       IdentifierPart
20:8-20:8 rule.enter         IdentifierStart
20:8-20:9 rule.match         IdentifierStart
20:8-20:9 rule.match       IdentifierPart
20:9-20:9 rule.enter       IdentifierPart
20:9-20:9 rule.enter         IdentifierStart
20:9-20:10 rule.match         IdentifierStart
20:9-20:10 rule.match       IdentifierPart
20:10-20:10 rule.enter       IdentifierPart
20:10-20:10 rule.enter         IdentifierStart
20:10-20:11 rule.match         IdentifierStart
20:10-20:11 rule.match       IdentifierPart
20:11-20:11 rule.enter       IdentifierPart
20:11-20:11 rule.enter         IdentifierStart
20:11-20:12 rule.match         IdentifierStart
20:11-20:12 rule.match       IdentifierPart
20:12-20:12 rule.enter       IdentifierPart
20:12-20:12 rule.enter         IdentifierStart
20:12-20:13 rule.match         IdentifierStart
20:12-20:13 rule.match       IdentifierPart
20:13-20:13 rule.enter       IdentifierPart
20:13-20:13 rule.enter         IdentifierStart
20:13-20:13 rule.fail          IdentifierStart
20:13-20:13 rule.fail        IdentifierPart
20:6-20:13 rule.match     IdentifierName
20:13-20:13 rule.enter     __
20:13-20:13 rule.enter       WhiteSpace
20:13-20:14 rule.match       WhiteSpace
20:14-20:14 rule.enter       WhiteSpace
20:14-20:14 rule.fail        WhiteSpace
20:14-20:14 rule.enter       LineTerminatorSequence
20:14-20:14 rule.fail        LineTerminatorSequence
20:14-20:14 rule.enter       Comment
20:14-20:14 rule.enter         MultiLineComment
20:14-20:14 rule.fail          MultiLineComment
20:14-20:14 rule.enter         SingleLineComment
20:14-20:14 rule.fail          SingleLineComment
20:14-20:14 rule.fail        Comment
20:13-20:14 rule.match     __
20:14-20:14 rule.enter     __
20:14-20:14 rule.enter       WhiteSpace
20:14-20:14 rule.fail        WhiteSpace
20:14-20:14 rule.enter       LineTerminatorSequence
20:14-20:14 rule.fail        LineTerminatorSequence
20:14-20:14 rule.enter       Comment
20:14-20:14 rule.enter         MultiLineComment
20:14-20:14 rule.fail          MultiLineComment
20:14-20:14 rule.enter         SingleLineComment
20:14-20:14 rule.fail          SingleLineComment
20:14-20:14 rule.fail        Comment
20:14-20:14 rule.match     __
20:15-20:15 rule.enter     __
20:15-20:15 rule.enter       WhiteSpace
20:15-20:16 rule.match       WhiteSpace
20:16-20:16 rule.enter       WhiteSpace
20:16-20:16 rule.fail        WhiteSpace
20:16-20:16 rule.enter       LineTerminatorSequence
20:16-20:16 rule.fail        LineTerminatorSequence
20:16-20:16 rule.enter       Comment
20:16-20:16 rule.enter         MultiLineComment
20:16-20:16 rule.fail          MultiLineComment
20:16-20:16 rule.enter         SingleLineComment
20:16-20:16 rule.fail          SingleLineComment
20:16-20:16 rule.fail        Comment
20:15-20:16 rule.match     __
20:16-20:16 rule.enter     ChoiceExpression
20:16-20:16 rule.enter       ActionExpression
20:16-20:16 rule.enter         SequenceExpression
20:16-20:16 rule.enter           LabeledExpression
20:16-20:16 rule.enter             Pluck
20:16-20:16 rule.fail              Pluck
20:16-20:16 rule.enter             LabelColon
20:16-20:16 rule.enter               IdentifierName
20:16-20:16 rule.enter                 IdentifierStart
20:16-20:16 rule.fail                  IdentifierStart
20:16-20:16 rule.fail                IdentifierName
20:16-20:16 rule.fail              LabelColon
20:16-20:16 rule.enter             PrefixedExpression
20:16-20:16 rule.enter               PrefixedOperator
20:16-20:16 rule.fail                PrefixedOperator
20:16-20:16 rule.enter               SuffixedExpression
20:16-20:16 rule.enter                 PrimaryExpression
20:16-20:16 rule.enter                   LiteralMatcher
20:16-20:16 rule.enter                     StringLiteral
20:17-20:17 rule.enter                       DoubleStringCharacter
20:17-20:17 rule.enter                         SourceCharacter
20:17-20:18 rule.match                         SourceCharacter
20:17-20:18 rule.match                       DoubleStringCharacter
20:18-20:18 rule.enter                       DoubleStringCharacter
20:18-20:18 rule.enter                         SourceCharacter
20:18-20:19 rule.match                         SourceCharacter
20:18-20:19 rule.match                       DoubleStringCharacter
20:19-20:19 rule.enter                       DoubleStringCharacter
20:19-20:19 rule.enter                         SourceCharacter
20:19-20:20 rule.match                         SourceCharacter
20:19-20:20 rule.match                       DoubleStringCharacter
20:20-20:20 rule.enter                       DoubleStringCharacter
20:20-20:20 rule.enter                         SourceCharacter
20:20-20:21 rule.match                         SourceCharacter
20:20-20:21 rule.match                       DoubleStringCharacter
20:21-20:21 rule.enter                       DoubleStringCharacter
20:21-20:21 rule.enter                         LineContinuation
20:21-20:21 rule.fail                          LineContinuation
20:21-20:21 rule.fail                        DoubleStringCharacter
20:16-20:22 rule.match                     StringLiteral
20:16-20:22 rule.match                   LiteralMatcher
20:16-20:22 rule.match                 PrimaryExpression
20:22-20:22 rule.enter                 __
20:22-20:22 rule.enter                   WhiteSpace
20:22-20:23 rule.match                   WhiteSpace
20:23-20:23 rule.enter                   WhiteSpace
20:23-20:23 rule.fail                    WhiteSpace
20:23-20:23 rule.enter                   LineTerminatorSequence
20:23-20:23 rule.fail                    LineTerminatorSequence
20:23-20:23 rule.enter                   Comment
20:23-20:23 rule.enter                     MultiLineComment
20:23-20:23 rule.fail                      MultiLineComment
20:23-20:23 rule.enter                     SingleLineComment
20:23-20:23 rule.fail                      SingleLineComment
20:23-20:23 rule.fail                    Comment
20:22-20:23 rule.match                 __
20:23-20:23 rule.enter                 SuffixedOperator
20:23-20:23 rule.fail                  SuffixedOperator
20:16-20:16 rule.enter                 RepeatedExpression
20:16-20:16 rule.enter                   PrimaryExpression
20:16-20:16 rule.enter                     LiteralMatcher
20:16-20:16 rule.enter                       StringLiteral
20:17-20:17 rule.enter                         DoubleStringCharacter
20:17-20:17 rule.enter                           SourceCharacter
20:17-20:18 rule.match                           SourceCharacter
20:17-20:18 rule.match                         DoubleStringCharacter
20:18-20:18 rule.enter                         DoubleStringCharacter
20:18-20:18 rule.enter                           SourceCharacter
20:18-20:19 rule.match                           SourceCharacter
20:18-20:19 rule.match                         DoubleStringCharacter
20:19-20:19 rule.enter                         DoubleStringCharacter
20:19-20:19 rule.enter                           SourceCharacter
20:19-20:20 rule.match                           SourceCharacter
20:19-20:20 rule.match                         DoubleStringCharacter
20:20-20:20 rule.enter                         DoubleStringCharacter
20:20-20:20 rule.enter                           SourceCharacter
20:20-20:21 rule.match                           SourceCharacter
20:20-20:21 rule.match                         DoubleStringCharacter
20:21-20:21 rule.enter                         DoubleStringCharacter
20:21-20:21 rule.enter                           LineContinuation
20:21-20:21 rule.fail                            LineContinuation
20:21-20:21 rule.fail                          DoubleStringCharacter
20:16-20:22 rule.match                       StringLiteral
20:16-20:22 rule.match                     LiteralMatcher
20:16-20:22 rule.match                   PrimaryExpression
20:22-20:22 rule.enter                   __
20:22-20:22 rule.enter                     WhiteSpace
20:22-20:23 rule.match                     WhiteSpace
20:23-20:23 rule.enter                     WhiteSpace
20:23-20:23 rule.fail                      WhiteSpace
20:23-20:23 rule.enter                     LineTerminatorSequence
20:23-20:23 rule.fail                      LineTerminatorSequence
20:23-20:23 rule.enter                     Comment
20:23-20:23 rule.enter                       MultiLineComment
20:23-20:23 rule.fail                        MultiLineComment
20:23-20:23 rule.enter                       SingleLineComment
20:23-20:23 rule.fail                        SingleLineComment
20:23-20:23 rule.fail                      Comment
20:22-20:23 rule.match                   __
20:24-20:24 rule.enter                   __
20:24-20:24 rule.enter                     WhiteSpace
20:24-20:25 rule.match                     WhiteSpace
20:25-20:25 rule.enter                     WhiteSpace
20:25-20:25 rule.fail                      WhiteSpace
20:25-20:25 rule.enter                     LineTerminatorSequence
20:25-20:25 rule.fail                      LineTerminatorSequence
20:25-20:25 rule.enter                     Comment
20:25-20:25 rule.enter                       MultiLineComment
20:25-20:25 rule.fail                        MultiLineComment
20:25-20:25 rule.enter                       SingleLineComment
20:25-20:25 rule.fail                        SingleLineComment
20:25-20:25 rule.fail                      Comment
20:24-20:25 rule.match                   __
20:25-20:25 rule.enter                   Boundaries
20:25-20:25 rule.enter                     Boundary
20:25-20:25 rule.enter                       Integer
20:25-20:25 rule.enter                         DecimalDigit
20:25-20:25 rule.fail                          DecimalDigit
20:25-20:25 rule.fail                        Integer
20:25-20:25 rule.enter                       IdentifierName
20:25-20:25 rule.enter                         IdentifierStart
20:25-20:25 rule.fail                          IdentifierStart
20:25-20:25 rule.fail                        IdentifierName
20:25-20:25 rule.enter                       CodeBlock
20:25-20:25 rule.fail                        CodeBlock
20:25-20:25 rule.fail                      Boundary
20:25-20:25 rule.enter                     __
20:25-20:25 rule.enter                       WhiteSpace
20:25-20:25 rule.fail                        WhiteSpace
20:25-20:25 rule.enter                       LineTerminatorSequence
20:25-20:25 rule.fail                        LineTerminatorSequence
20:25-20:25 rule.enter                       Comment
20:25-20:25 rule.enter                         MultiLineComment
20:25-20:25 rule.fail                          MultiLineComment
20:25-20:25 rule.enter                         SingleLineComment
20:25-20:25 rule.fail                          SingleLineComment
20:25-20:25 rule.fail                        Comment
20:25-20:25 rule.match                     __
20:25-20:25 rule.enter                     Boundary
20:25-20:25 rule.enter                       Integer
20:25-20:25 rule.enter                         DecimalDigit
20:25-20:25 rule.fail                          DecimalDigit
20:25-20:25 rule.fail                        Integer
20:25-20:25 rule.enter                       IdentifierName
20:25-20:25 rule.enter                         IdentifierStart
20:25-20:25 rule.fail                          IdentifierStart
20:25-20:25 rule.fail                        IdentifierName
20:25-20:25 rule.enter                       CodeBlock
20:25-20:25 rule.fail                        CodeBlock
20:25-20:25 rule.fail                      Boundary
20:25-20:25 rule.fail                    Boundaries
20:16-20:16 rule.fail                  RepeatedExpression
20:16-20:16 rule.enter                 PrimaryExpression
20:16-20:16 rule.enter                   LiteralMatcher
20:16-20:16 rule.enter                     StringLiteral
20:17-20:17 rule.enter                       DoubleStringCharacter
20:17-20:17 rule.enter                         SourceCharacter
20:17-20:18 rule.match                         SourceCharacter
20:17-20:18 rule.match                       DoubleStringCharacter
20:18-20:18 rule.enter                       DoubleStringCharacter
20:18-20:18 rule.enter                         SourceCharacter
20:18-20:19 rule.match                         SourceCharacter
20:18-20:19 rule.match                       DoubleStringCharacter
20:19-20:19 rule.enter                       DoubleStringCharacter
20:19-20:19 rule.enter                         SourceCharacter
20:19-20:20 rule.match                         SourceCharacter
20:19-20:20 rule.match                       DoubleStringCharacter
20:20-20:20 rule.enter                       DoubleStringCharacter
20:20-20:20 rule.enter                         SourceCharacter
20:20-20:21 rule.match                         SourceCharacter
20:20-20:21 rule.match                       DoubleStringCharacter
20:21-20:21 rule.enter                       DoubleStringCharacter
20:21-20:21 rule.enter                         LineContinuation
20:21-20:21 rule.fail                          LineContinuation
20:21-20:21 rule.fail                        DoubleStringCharacter
20:16-20:22 rule.match                     StringLiteral
20:16-20:22 rule.match                   LiteralMatcher
20:16-20:22 rule.match                 PrimaryExpression
20:16-20:22 rule.match               SuffixedExpression
20:16-20:22 rule.match             PrefixedExpression
20:16-20:22 rule.match           LabeledExpression
20:22-20:22 rule.enter           __
20:22-20:22 rule.enter             WhiteSpace
20:22-20:23 rule.match             WhiteSpace
20:23-20:23 rule.enter             WhiteSpace
20:23-20:23 rule.fail              WhiteSpace
20:23-20:23 rule.enter             LineTerminatorSequence
20:23-20:23 rule.fail              LineTerminatorSequence
20:23-20:23 rule.enter             Comment
20:23-20:23 rule.enter               MultiLineComment
20:23-20:23 rule.fail                MultiLineComment
20:23-20:23 rule.enter               SingleLineComment
20:23-20:23 rule.fail                SingleLineComment
20:23-20:23 rule.fail              Comment
20:22-20:23 rule.match           __
20:23-20:23 rule.enter           LabeledExpression
20:23-20:23 rule.enter             Pluck
20:23-20:23 rule.fail              Pluck
20:23-20:23 rule.enter             LabelColon
20:23-20:23 rule.enter               IdentifierName
20:23-20:23 rule.enter                 IdentifierStart
20:23-20:23 rule.fail                  IdentifierStart
20:23-20:23 rule.fail                IdentifierName
20:23-20:23 rule.fail              LabelColon
20:23-20:23 rule.enter             PrefixedExpression
20:23-20:23 rule.enter               PrefixedOperator
20:23-20:23 rule.fail                PrefixedOperator
20:23-20:23 rule.enter               SuffixedExpression
20:23-20:23 rule.enter                 PrimaryExpression
20:23-20:23 rule.enter                   LiteralMatcher
20:23-20:23 rule.enter                     StringLiteral
20:23-20:23 rule.fail                      StringLiteral
20:23-20:23 rule.fail                    LiteralMatcher
20:23-20:23 rule.enter                   CharacterClassMatcher
20:23-20:23 rule.fail                    CharacterClassMatcher
20:23-20:23 rule.enter                   AnyMatcher
20:23-20:23 rule.fail                    AnyMatcher
20:23-20:23 rule.enter                   RuleReferenceExpression
20:23-20:23 rule.enter                     IdentifierName
20:23-20:23 rule.enter                       IdentifierStart
20:23-20:23 rule.fail                        IdentifierStart
20:23-20:23 rule.fail                      IdentifierName
20:23-20:23 rule.fail                    RuleReferenceExpression
20:23-20:23 rule.enter                   SemanticPredicateExpression
20:23-20:23 rule.enter                     SemanticPredicateOperator
20:23-20:23 rule.fail                      SemanticPredicateOperator
20:23-20:23 rule.fail                    SemanticPredicateExpression
20:23-20:23 rule.fail                  PrimaryExpression
20:23-20:23 rule.enter                 RepeatedExpression
20:23-20:23 rule.enter                   PrimaryExpression
20:23-20:23 rule.enter                     LiteralMatcher
20:23-20:23 rule.enter                       StringLiteral
20:23-20:23 rule.fail                        StringLiteral
20:23-20:23 rule.fail                      LiteralMatcher
20:23-20:23 rule.enter                     CharacterClassMatcher
20:23-20:23 rule.fail                      CharacterClassMatcher
20:23-20:23 rule.enter                     AnyMatcher
20:23-20:23 rule.fail                      AnyMatcher
20:23-20:23 rule.enter                     RuleReferenceExpression
20:23-20:23 rule.enter                       IdentifierName
20:23-20:23 rule.enter                         IdentifierStart
20:23-20:23 rule.fail                          IdentifierStart
20:23-20:23 rule.fail                        IdentifierName
20:23-20:23 rule.fail                      RuleReferenceExpression
20:23-20:23 rule.enter                     SemanticPredicateExpression
20:23-20:23 rule.enter                       SemanticPredicateOperator
20:23-20:23 rule.fail                        SemanticPredicateOperator
20:23-20:23 rule.fail                      SemanticPredicateExpression
20:23-20:23 rule.fail                    PrimaryExpression
20:23-20:23 rule.fail                  RepeatedExpression
20:23-20:23 rule.enter                 PrimaryExpression
20:23-20:23 rule.enter                   LiteralMatcher
20:23-20:23 rule.enter                     StringLiteral
20:23-20:23 rule.fail                      StringLiteral
20:23-20:23 rule.fail                    LiteralMatcher
20:23-20:23 rule.enter                   CharacterClassMatcher
20:23-20:23 rule.fail                    CharacterClassMatcher
20:23-20:23 rule.enter                   AnyMatcher
20:23-20:23 rule.fail                    AnyMatcher
20:23-20:23 rule.enter                   RuleReferenceExpression
20:23-20:23 rule.enter                     IdentifierName
20:23-20:23 rule.enter                       IdentifierStart
20:23-20:23 rule.fail                        IdentifierStart
20:23-20:23 rule.fail                      IdentifierName
20:23-20:23 rule.fail                    RuleReferenceExpression
20:23-20:23 rule.enter                   SemanticPredicateExpression
20:23-20:23 rule.enter                     SemanticPredicateOperator
20:23-20:23 rule.fail                      SemanticPredicateOperator
20:23-20:23 rule.fail                    SemanticPredicateExpression
20:23-20:23 rule.fail                  PrimaryExpression
20:23-20:23 rule.fail                SuffixedExpression
20:23-20:23 rule.fail              PrefixedExpression
20:23-20:23 rule.fail            LabeledExpression
20:16-20:22 rule.match         SequenceExpression
20:22-20:22 rule.enter         __
20:22-20:22 rule.enter           WhiteSpace
20:22-20:23 rule.match           WhiteSpace
20:23-20:23 rule.enter           WhiteSpace
20:23-20:23 rule.fail            WhiteSpace
20:23-20:23 rule.enter           LineTerminatorSequence
20:23-20:23 rule.fail            LineTerminatorSequence
20:23-20:23 rule.enter           Comment
20:23-20:23 rule.enter             MultiLineComment
20:23-20:23 rule.fail              MultiLineComment
20:23-20:23 rule.enter             SingleLineComment
20:23-20:23 rule.fail              SingleLineComment
20:23-20:23 rule.fail            Comment
20:22-20:23 rule.match         __
20:23-20:23 rule.enter         CodeBlock
20:23-20:23 rule.fail          CodeBlock
20:16-20:22 rule.match       ActionExpression
20:22-20:22 rule.enter       __
20:22-20:22 rule.enter         WhiteSpace
20:22-20:23 rule.match         WhiteSpace
20:23-20:23 rule.enter         WhiteSpace
20:23-20:23 rule.fail          WhiteSpace
20:23-20:23 rule.enter         LineTerminatorSequence
20:23-20:23 rule.fail          LineTerminatorSequence
20:23-20:23 rule.enter         Comment
20:23-20:23 rule.enter           MultiLineComment
20:23-20:23 rule.fail            MultiLineComment
20:23-20:23 rule.enter           SingleLineComment
20:23-20:23 rule.fail            SingleLineComment
20:23-20:23 rule.fail          Comment
20:22-20:23 rule.match       __
20:24-20:24 rule.enter       __
20:24-20:24 rule.enter         WhiteSpace
20:24-20:25 rule.match         WhiteSpace
20:25-20:25 rule.enter         WhiteSpace
20:25-20:25 rule.fail          WhiteSpace
20:25-20:25 rule.enter         LineTerminatorSequence
20:25-20:25 rule.fail          LineTerminatorSequence
20:25-20:25 rule.enter         Comment
20:25-20:25 rule.enter           MultiLineComment
20:25-20:25 rule.fail            MultiLineComment
20:25-20:25 rule.enter           SingleLineComment
20:25-20:25 rule.fail            SingleLineComment
20:25-20:25 rule.fail          Comment
20:24-20:25 rule.match       __
20:25-20:25 rule.enter       ActionExpression
20:25-20:25 rule.enter         SequenceExpression
20:25-20:25 rule.enter           LabeledExpression
20:25-20:25 rule.enter             Pluck
20:25-20:25 rule.fail              Pluck
20:25-20:25 rule.enter             LabelColon
20:25-20:25 rule.enter               IdentifierName
20:25-20:25 rule.enter                 IdentifierStart
20:25-20:25 rule.fail                  IdentifierStart
20:25-20:25 rule.fail                IdentifierName
20:25-20:25 rule.fail              LabelColon
20:25-20:25 rule.enter             PrefixedExpression
20:25-20:25 rule.enter               PrefixedOperator
20:25-20:25 rule.fail                PrefixedOperator
20:25-20:25 rule.enter               SuffixedExpression
20:25-20:25 rule.enter                 PrimaryExpression
20:25-20:25 rule.enter                   LiteralMatcher
20:25-20:25 rule.enter                     StringLiteral
20:26-20:26 rule.enter                       DoubleStringCharacter
20:26-20:26 rule.enter                         SourceCharacter
20:26-20:27 rule.match                         SourceCharacter
20:26-20:27 rule.match                       DoubleStringCharacter
20:27-20:27 rule.enter                       DoubleStringCharacter
20:27-20:27 rule.enter                         SourceCharacter
20:27-20:28 rule.match                         SourceCharacter
20:27-20:28 rule.match                       DoubleStringCharacter
20:28-20:28 rule.enter                       DoubleStringCharacter
20:28-20:28 rule.enter                         SourceCharacter
20:28-20:29 rule.match                         SourceCharacter
20:28-20:29 rule.match                       DoubleStringCharacter
20:29-20:29 rule.enter                       DoubleStringCharacter
20:29-20:29 rule.enter                         SourceCharacter
20:29-20:30 rule.match                         SourceCharacter
20:29-20:30 rule.match                       DoubleStringCharacter
20:30-20:30 rule.enter                       DoubleStringCharacter
20:30-20:30 rule.enter                         SourceCharacter
20:30-20:31 rule.match                         SourceCharacter
20:30-20:31 rule.match                       DoubleStringCharacter
20:31-20:31 rule.enter                       DoubleStringCharacter
20:31-20:31 rule.enter                         LineContinuation
20:31-20:31 rule.fail                          LineContinuation
20:31-20:31 rule.fail                        DoubleStringCharacter
20:25-20:32 rule.match                     StringLiteral
20:25-20:32 rule.match                   LiteralMatcher
20:25-20:32 rule.match                 PrimaryExpression
20:32-20:32 rule.enter                 __
20:32-20:32 rule.enter                   WhiteSpace
20:32-20:33 rule.match                   WhiteSpace
20:33-20:33 rule.enter                   WhiteSpace
20:33-20:33 rule.fail                    WhiteSpace
20:33-20:33 rule.enter                   LineTerminatorSequence
20:33-20:33 rule.fail                    LineTerminatorSequence
20:33-20:33 rule.enter                   Comment
20:33-20:33 rule.enter                     MultiLineComment
20:33-20:33 rule.fail                      MultiLineComment
20:33-20:33 rule.enter                     SingleLineComment
20:33-20:33 rule.fail                      SingleLineComment
20:33-20:33 rule.fail                    Comment
20:32-20:33 rule.match                 __
20:33-20:33 rule.enter                 SuffixedOperator
20:33-20:33 rule.fail                  SuffixedOperator
20:25-20:25 rule.enter                 RepeatedExpression
20:25-20:25 rule.enter                   PrimaryExpression
20:25-20:25 rule.enter                     LiteralMatcher
20:25-20:25 rule.enter                       StringLiteral
20:26-20:26 rule.enter                         DoubleStringCharacter
20:26-20:26 rule.enter                           SourceCharacter
20:26-20:27 rule.match                           SourceCharacter
20:26-20:27 rule.match                         DoubleStringCharacter
20:27-20:27 rule.enter                         DoubleStringCharacter
20:27-20:27 rule.enter                           SourceCharacter
20:27-20:28 rule.match                           SourceCharacter
20:27-20:28 rule.match                         DoubleStringCharacter
20:28-20:28 rule.enter                         DoubleStringCharacter
20:28-20:28 rule.enter                           SourceCharacter
20:28-20:29 rule.match                           SourceCharacter
20:28-20:29 rule.match                         DoubleStringCharacter
20:29-20:29 rule.enter                         DoubleStringCharacter
20:29-20:29 rule.enter                           SourceCharacter
20:29-20:30 rule.match                           SourceCharacter
20:29-20:30 rule.match                         DoubleStringCharacter
20:30-20:30 rule.enter                         DoubleStringCharacter
20:30-20:30 rule.enter                           SourceCharacter
20:30-20:31 rule.match                           SourceCharacter
20:30-20:31 rule.match                         DoubleStringCharacter
20:31-20:31 rule.enter                         DoubleStringCharacter
20:31-20:31 rule.enter                           LineContinuation
20:31-20:31 rule.fail                            LineContinuation
20:31-20:31 rule.fail                          DoubleStringCharacter
20:25-20:32 rule.match                       StringLiteral
20:25-20:32 rule.match                     LiteralMatcher
20:25-20:32 rule.match                   PrimaryExpression
20:32-20:32 rule.enter                   __
20:32-20:32 rule.enter                     WhiteSpace
20:32-20:33 rule.match                     WhiteSpace
20:33-20:33 rule.enter                     WhiteSpace
20:33-20:33 rule.fail                      WhiteSpace
20:33-20:33 rule.enter                     LineTerminatorSequence
20:33-20:33 rule.fail                      LineTerminatorSequence
20:33-20:33 rule.enter                     Comment
20:33-20:33 rule.enter                       MultiLineComment
20:33-20:33 rule.fail                        MultiLineComment
20:33-20:33 rule.enter                       SingleLineComment
20:33-20:33 rule.fail                        SingleLineComment
20:33-20:33 rule.fail                      Comment
20:32-20:33 rule.match                   __
20:25-20:25 rule.fail                  RepeatedExpression
20:25-20:25 rule.enter                 PrimaryExpression
20:25-20:25 rule.enter                   LiteralMatcher
20:25-20:25 rule.enter                     StringLiteral
20:26-20:26 rule.enter                       DoubleStringCharacter
20:26-20:26 rule.enter                         SourceCharacter
20:26-20:27 rule.match                         SourceCharacter
20:26-20:27 rule.match                       DoubleStringCharacter
20:27-20:27 rule.enter                       DoubleStringCharacter
20:27-20:27 rule.enter                         SourceCharacter
20:27-20:28 rule.match                         SourceCharacter
20:27-20:28 rule.match                       DoubleStringCharacter
20:28-20:28 rule.enter                       DoubleStringCharacter
20:28-20:28 rule.enter                         SourceCharacter
20:28-20:29 rule.match                         SourceCharacter
20:28-20:29 rule.match                       DoubleStringCharacter
20:29-20:29 rule.enter                       DoubleStringCharacter
20:29-20:29 rule.enter                         SourceCharacter
20:29-20:30 rule.match                         SourceCharacter
20:29-20:30 rule.match                       DoubleStringCharacter
20:30-20:30 rule.enter                       DoubleStringCharacter
20:30-20:30 rule.enter                         SourceCharacter
20:30-20:31 rule.match                         SourceCharacter
20:30-20:31 rule.match                       DoubleStringCharacter
20:31-20:31 rule.enter                       DoubleStringCharacter
20:31-20:31 rule.enter                         LineContinuation
20:31-20:31 rule.fail                          LineContinuation
20:31-20:31 rule.fail                        DoubleStringCharacter
20:25-20:32 rule.match                     StringLiteral
20:25-20:32 rule.match                   LiteralMatcher
20:25-20:32 rule.match                 PrimaryExpression
20:25-20:32 rule.match               SuffixedExpression
20:25-20:32 rule.match             PrefixedExpression
20:25-20:32 rule.match           LabeledExpression
20:32-20:32 rule.enter           __
20:32-20:32 rule.enter             WhiteSpace
20:32-20:33 rule.match             WhiteSpace
20:33-20:33 rule.enter             WhiteSpace
20:33-20:33 rule.fail              WhiteSpace
20:33-20:33 rule.enter             LineTerminatorSequence
20:33-20:33 rule.fail              LineTerminatorSequence
20:33-20:33 rule.enter             Comment
20:33-20:33 rule.enter               MultiLineComment
20:33-20:33 rule.fail                MultiLineComment
20:33-20:33 rule.enter               SingleLineComment
20:33-20:33 rule.fail                SingleLineComment
20:33-20:33 rule.fail              Comment
20:32-20:33 rule.match           __
20:33-20:33 rule.enter           LabeledExpression
20:33-20:33 rule.enter             Pluck
20:33-20:33 rule.fail              Pluck
20:33-20:33 rule.enter             LabelColon
20:33-20:33 rule.enter               IdentifierName
20:33-20:33 rule.enter                 IdentifierStart
20:33-20:33 rule.fail                  IdentifierStart
20:33-20:33 rule.fail                IdentifierName
20:33-20:33 rule.fail              LabelColon
20:33-20:33 rule.enter             PrefixedExpression
20:33-20:33 rule.enter               PrefixedOperator
20:33-20:33 rule.fail                PrefixedOperator
20:33-20:33 rule.enter               SuffixedExpression
20:33-20:33 rule.enter                 PrimaryExpression
20:33-20:33 rule.enter                   LiteralMatcher
20:33-20:33 rule.enter                     StringLiteral
20:33-20:33 rule.fail                      StringLiteral
20:33-20:33 rule.fail                    LiteralMatcher
20:33-20:33 rule.enter                   CharacterClassMatcher
20:33-20:33 rule.fail                    CharacterClassMatcher
20:33-20:33 rule.enter                   AnyMatcher
20:33-20:33 rule.fail                    AnyMatcher
20:33-20:33 rule.enter                   RuleReferenceExpression
20:33-20:33 rule.enter                     IdentifierName
20:33-20:33 rule.enter                       IdentifierStart
20:33-20:33 rule.fail                        IdentifierStart
20:33-20:33 rule.fail                      IdentifierName
20:33-20:33 rule.fail                    RuleReferenceExpression
20:33-20:33 rule.enter                   SemanticPredicateExpression
20:33-20:33 rule.enter                     SemanticPredicateOperator
20:33-20:33 rule.fail                      SemanticPredicateOperator
20:33-20:33 rule.fail                    SemanticPredicateExpression
20:33-20:33 rule.fail                  PrimaryExpression
20:33-20:33 rule.enter                 RepeatedExpression
20:33-20:33 rule.enter                   PrimaryExpression
20:33-20:33 rule.enter                     LiteralMatcher
20:33-20:33 rule.enter                       StringLiteral
20:33-20:33 rule.fail                        StringLiteral
20:33-20:33 rule.fail                      LiteralMatcher
20:33-20:33 rule.enter                     CharacterClassMatcher
20:33-20:33 rule.fail                      CharacterClassMatcher
20:33-20:33 rule.enter                     AnyMatcher
20:33-20:33 rule.fail                      AnyMatcher
20:33-20:33 rule.enter                     RuleReferenceExpression
20:33-20:33 rule.enter                       IdentifierName
20:33-20:33 rule.enter                         IdentifierStart
20:33-20:33 rule.fail                          IdentifierStart
20:33-20:33 rule.fail                        IdentifierName
20:33-20:33 rule.fail                      RuleReferenceExpression
20:33-20:33 rule.enter                     SemanticPredicateExpression
20:33-20:33 rule.enter                       SemanticPredicateOperator
20:33-20:33 rule.fail                        SemanticPredicateOperator
20:33-20:33 rule.fail                      SemanticPredicateExpression
20:33-20:33 rule.fail                    PrimaryExpression
20:33-20:33 rule.fail                  RepeatedExpression
20:33-20:33 rule.enter                 PrimaryExpression
20:33-20:33 rule.enter                   LiteralMatcher
20:33-20:33 rule.enter                     StringLiteral
20:33-20:33 rule.fail                      StringLiteral
20:33-20:33 rule.fail                    LiteralMatcher
20:33-20:33 rule.enter                   CharacterClassMatcher
20:33-20:33 rule.fail                    CharacterClassMatcher
20:33-20:33 rule.enter                   AnyMatcher
20:33-20:33 rule.fail                    AnyMatcher
20:33-20:33 rule.enter                   RuleReferenceExpression
20:33-20:33 rule.enter                     IdentifierName
20:33-20:33 rule.enter                       IdentifierStart
20:33-20:33 rule.fail                        IdentifierStart
20:33-20:33 rule.fail                      IdentifierName
20:33-20:33 rule.fail                    RuleReferenceExpression
20:33-20:33 rule.enter                   SemanticPredicateExpression
20:33-20:33 rule.enter                     SemanticPredicateOperator
20:33-20:33 rule.fail                      SemanticPredicateOperator
20:33-20:33 rule.fail                    SemanticPredicateExpression
20:33-20:33 rule.fail                  PrimaryExpression
20:33-20:33 rule.fail                SuffixedExpression
20:33-20:33 rule.fail              PrefixedExpression
20:33-20:33 rule.fail            LabeledExpression
20:25-20:32 rule.match         SequenceExpression
20:32-20:32 rule.enter         __
20:32-20:32 rule.enter           WhiteSpace
20:32-20:33 rule.match           WhiteSpace
20:33-20:33 rule.enter           WhiteSpace
20:33-20:33 rule.fail            WhiteSpace
20:33-20:33 rule.enter           LineTerminatorSequence
20:33-20:33 rule.fail            LineTerminatorSequence
20:33-20:33 rule.enter           Comment
20:33-20:33 rule.enter             MultiLineComment
20:33-20:33 rule.fail              MultiLineComment
20:33-20:33 rule.enter             SingleLineComment
20:33-20:33 rule.fail              SingleLineComment
20:33-20:33 rule.fail            Comment
20:32-20:33 rule.match         __
20:33-20:33 rule.enter         CodeBlock
20:34-20:34 rule.enter           BareCodeBlock
20:34-20:34 rule.enter             Code
20:34-20:34 rule.enter               SourceCharacter
20:34-21:1 rule.match               SourceCharacter
21:1-21:1 rule.enter               SourceCharacter
21:1-21:2 rule.match               SourceCharacter
21:2-21:2 rule.enter               SourceCharacter
21:2-21:3 rule.match               SourceCharacter
21:3-21:3 rule.enter               SourceCharacter
21:3-21:4 rule.match               SourceCharacter
21:4-21:4 rule.enter               SourceCharacter
21:4-21:5 rule.match               SourceCharacter
21:5-21:5 rule.enter               SourceCharacter
21:5-21:6 rule.match               SourceCharacter
21:6-21:6 rule.enter               SourceCharacter
21:6-21:7 rule.match               SourceCharacter
21:7-21:7 rule.enter               SourceCharacter
21:7-21:8 rule.match               SourceCharacter
21:8-21:8 rule.enter               SourceCharacter
21:8-21:9 rule.match               SourceCharacter
21:9-21:9 rule.enter               SourceCharacter
21:9-21:10 rule.match               SourceCharacter
21:10-21:10 rule.enter               SourceCharacter
21:10-21:11 rule.match               SourceCharacter
21:11-21:11 rule.enter               SourceCharacter
21:11-21:12 rule.match               SourceCharacter
21:12-21:12 rule.enter               SourceCharacter
21:12-21:13 rule.match               SourceCharacter
21:13-21:13 rule.enter               SourceCharacter
21:13-21:14 rule.match               SourceCharacter
21:14-21:14 rule.enter               SourceCharacter
21:14-21:15 rule.match               SourceCharacter
21:15-21:15 rule.enter               SourceCharacter
21:15-21:16 rule.match               SourceCharacter
21:16-21:16 rule.enter               SourceCharacter
21:16-21:17 rule.match               SourceCharacter
21:17-21:17 rule.enter               SourceCharacter
21:17-21:18 rule.match               SourceCharacter
21:18-21:18 rule.enter               SourceCharacter
21:18-21:19 rule.match               SourceCharacter
21:19-21:19 rule.enter               SourceCharacter
21:19-21:20 rule.match               SourceCharacter
21:20-21:20 rule.enter               SourceCharacter
21:20-21:21 rule.match               SourceCharacter
21:21-21:21 rule.enter               SourceCharacter
21:21-21:22 rule.match               SourceCharacter
21:22-21:22 rule.enter               SourceCharacter
21:22-21:23 rule.match               SourceCharacter
21:23-21:23 rule.enter               SourceCharacter
21:23-21:24 rule.match               SourceCharacter
21:24-21:24 rule.enter               SourceCharacter
21:24-21:25 rule.match               SourceCharacter
21:25-21:25 rule.enter               SourceCharacter
21:25-21:26 rule.match               SourceCharacter
21:26-21:26 rule.enter               SourceCharacter
21:26-21:27 rule.match               SourceCharacter
21:27-21:27 rule.enter               SourceCharacter
21:27-22:1 rule.match               SourceCharacter
20:34-22:1 rule.match             Code
20:34-22:1 rule.match           BareCodeBlock
20:33-22:2 rule.match         CodeBlock
20:25-22:2 rule.match       ActionExpression
22:2-22:2 rule.enter       __
22:2-22:2 rule.enter         WhiteSpace
22:2-22:2 rule.fail          WhiteSpace
22:2-22:2 rule.enter         LineTerminatorSequence
22:2-23:1 rule.match         LineTerminatorSequence
23:1-23:1 rule.enter         WhiteSpace
23:1-23:1 rule.fail          WhiteSpace
23:1-23:1 rule.enter         LineTerminatorSequence
23:1-24:1 rule.match         LineTerminatorSequence
24:1-24:1 rule.enter         WhiteSpace
24:1-24:1 rule.fail          WhiteSpace
24:1-24:1 rule.enter         LineTerminatorSequence
24:1-24:1 rule.fail          LineTerminatorSequence
24:1-24:1 rule.enter         Comment
24:1-24:1 rule.enter           MultiLineComment
24:1-24:1 rule.fail            MultiLineComment
24:1-24:1 rule.enter           SingleLineComment
24:1-24:1 rule.fail            SingleLineComment
24:1-24:1 rule.fail          Comment
22:2-24:1 rule.match       __
20:16-22:2 rule.match     ChoiceExpression
22:2-22:2 rule.enter     EOS
22:2-22:2 rule.enter       __
22:2-22:2 rule.enter         WhiteSpace
22:2-22:2 rule.fail          WhiteSpace
22:2-22:2 rule.enter         LineTerminatorSequence
22:2-23:1 rule.match         LineTerminatorSequence
23:1-23:1 rule.enter         WhiteSpace
23:1-23:1 rule.fail          WhiteSpace
23:1-23:1 rule.enter         LineTerminatorSequence
23:1-24:1 rule.match         LineTerminatorSequence
24:1-24:1 rule.enter         WhiteSpace
24:1-24:1 rule.fail          WhiteSpace
24:1-24:1 rule.enter         LineTerminatorSequence
24:1-24:1 rule.fail          LineTerminatorSequence
24:1-24:1 rule.enter         Comment
24:1-24:1 rule.enter           MultiLineComment
24:1-24:1 rule.fail            MultiLineComment
24:1-24:1 rule.enter           SingleLineComment
24:1-24:1 rule.fail            SingleLineComment
24:1-24:1 rule.fail          Comment
22:2-24:1 rule.match       __
22:2-22:2 rule.enter       _
22:2-22:2 rule.enter         WhiteSpace
22:2-22:2 rule.fail          WhiteSpace
22:2-22:2 rule.enter         MultiLineCommentNoLineTerminator
22:2-22:2 rule.fail          MultiLineCommentNoLineTerminator
22:2-22:2 rule.match       _
22:2-22:2 rule.enter       SingleLineComment
22:2-22:2 rule.fail        SingleLineComment
22:2-22:2 rule.enter       LineTerminatorSequence
22:2-23:1 rule.match       LineTerminatorSequence
22:2-23:1 rule.match     EOS
20:1-23:1 rule.match   Rule
23:1-23:1 rule.enter   __
23:1-23:1 rule.enter     WhiteSpace
23:1-23:1 rule.fail      WhiteSpace
23:1-23:1 rule.enter     LineTerminatorSequence
23:1-24:1 rule.match     LineTerminatorSequence
24:1-24:1 rule.enter     WhiteSpace
24:1-24:1 rule.fail      WhiteSpace
24:1-24:1 rule.enter     LineTerminatorSequence
24:1-24:1 rule.fail      LineTerminatorSequence
24:1-24:1 rule.enter     Comment
24:1-24:1 rule.enter       MultiLineComment
24:1-24:1 rule.fail        MultiLineComment
24:1-24:1 rule.enter       SingleLineComment
24:1-24:1 rule.fail        SingleLineComment
24:1-24:1 rule.fail      Comment
23:1-24:1 rule.match   __
24:1-24:1 rule.enter   Rule
24:5-24:5 rule.enter     _
24:5-24:5 rule.enter       WhiteSpace
24:5-24:6 rule.match       WhiteSpace
24:6-24:6 rule.enter       WhiteSpace
24:6-24:6 rule.fail        WhiteSpace
24:6-24:6 rule.enter       MultiLineCommentNoLineTerminator
24:6-24:6 rule.fail        MultiLineCommentNoLineTerminator
24:5-24:6 rule.match     _
24:6-24:6 rule.enter     IdentifierName
24:6-24:6 rule.enter       IdentifierStart
24:6-24:7 rule.match       IdentifierStart
24:7-24:7 rule.enter       IdentifierPart
24:7-24:7 rule.enter         IdentifierStart
24:7-24:8 rule.match         IdentifierStart
24:7-24:8 rule.match       IdentifierPart
24:8-24:8 rule.enter       IdentifierPart
24:8-24:8 rule.enter         IdentifierStart
24:8-24:8 rule.fail          IdentifierStart
24:8-24:8 rule.fail        IdentifierPart
24:6-24:8 rule.match     IdentifierName
24:8-24:8 rule.enter     __
24:8-24:8 rule.enter       WhiteSpace
24:8-24:9 rule.match       WhiteSpace
24:9-24:9 rule.enter       WhiteSpace
24:9-24:9 rule.fail        WhiteSpace
24:9-24:9 rule.enter       LineTerminatorSequence
24:9-24:9 rule.fail        LineTerminatorSequence
24:9-24:9 rule.enter       Comment
24:9-24:9 rule.enter         MultiLineComment
24:9-24:9 rule.fail          MultiLineComment
24:9-24:9 rule.enter         SingleLineComment
24:9-24:9 rule.fail          SingleLineComment
24:9-24:9 rule.fail        Comment
24:8-24:9 rule.match     __
24:9-24:9 rule.enter     __
24:9-24:9 rule.enter       WhiteSpace
24:9-24:9 rule.fail        WhiteSpace
24:9-24:9 rule.enter       LineTerminatorSequence
24:9-24:9 rule.fail        LineTerminatorSequence
24:9-24:9 rule.enter       Comment
24:9-24:9 rule.enter         MultiLineComment
24:9-24:9 rule.fail          MultiLineComment
24:9-24:9 rule.enter         SingleLineComment
24:9-24:9 rule.fail          SingleLineComment
24:9-24:9 rule.fail        Comment
24:9-24:9 rule.match     __
24:10-24:10 rule.enter     __
24:10-24:10 rule.enter       WhiteSpace
24:10-24:11 rule.match       WhiteSpace
24:11-24:11 rule.enter       WhiteSpace
24:11-24:11 rule.fail        WhiteSpace
24:11-24:11 rule.enter       LineTerminatorSequence
24:11-24:11 rule.fail        LineTerminatorSequence
24:11-24:11 rule.enter       Comment
24:11-24:11 rule.enter         MultiLineComment
24:11-24:11 rule.fail          MultiLineComment
24:11-24:11 rule.enter         SingleLineComment
24:11-24:11 rule.fail          SingleLineComment
24:11-24:11 rule.fail        Comment
24:10-24:11 rule.match     __
24:11-24:11 rule.enter     ChoiceExpression
24:11-24:11 rule.enter       ActionExpression
24:11-24:11 rule.enter         SequenceExpression
24:11-24:11 rule.enter           LabeledExpression
24:11-24:11 rule.enter             Pluck
24:11-24:11 rule.fail              Pluck
24:11-24:11 rule.enter             LabelColon
24:11-24:11 rule.enter               IdentifierName
24:11-24:11 rule.enter                 IdentifierStart
24:11-24:11 rule.fail                  IdentifierStart
24:11-24:11 rule.fail                IdentifierName
24:11-24:11 rule.fail              LabelColon
24:11-24:11 rule.enter             PrefixedExpression
24:11-24:11 rule.enter               PrefixedOperator
24:11-24:11 rule.fail                PrefixedOperator
24:11-24:11 rule.enter               SuffixedExpression
24:11-24:11 rule.enter                 PrimaryExpression
24:11-24:11 rule.enter                   LiteralMatcher
24:11-24:11 rule.enter                     StringLiteral
24:11-24:11 rule.fail                      StringLiteral
24:11-24:11 rule.fail                    LiteralMatcher
24:11-24:11 rule.enter                   CharacterClassMatcher
24:12-24:12 rule.enter                     ClassCharacterRange
24:12-24:12 rule.enter                       ClassCharacter
24:12-24:12 rule.enter                         SourceCharacter
24:12-24:13 rule.match                         SourceCharacter
24:12-24:13 rule.match                       ClassCharacter
24:12-24:12 rule.fail                      ClassCharacterRange
24:12-24:12 rule.enter                     ClassCharacter
24:12-24:12 rule.enter                       SourceCharacter
24:12-24:13 rule.match                       SourceCharacter
24:12-24:13 rule.match                     ClassCharacter
24:13-24:13 rule.enter                     ClassCharacterRange
24:13-24:13 rule.enter                       ClassCharacter
24:14-24:14 rule.enter                         EscapeSequence
24:14-24:14 rule.enter                           CharacterEscapeSequence
24:14-24:14 rule.enter                             SingleEscapeCharacter
24:14-24:15 rule.match                             SingleEscapeCharacter
24:14-24:15 rule.match                           CharacterEscapeSequence
24:14-24:15 rule.match                         EscapeSequence
24:13-24:15 rule.match                       ClassCharacter
24:13-24:13 rule.fail                      ClassCharacterRange
24:13-24:13 rule.enter                     ClassCharacter
24:14-24:14 rule.enter                       EscapeSequence
24:14-24:14 rule.enter                         CharacterEscapeSequence
24:14-24:14 rule.enter                           SingleEscapeCharacter
24:14-24:15 rule.match                           SingleEscapeCharacter
24:14-24:15 rule.match                         CharacterEscapeSequence
24:14-24:15 rule.match                       EscapeSequence
24:13-24:15 rule.match                     ClassCharacter
24:15-24:15 rule.enter                     ClassCharacterRange
24:15-24:15 rule.enter                       ClassCharacter
24:15-24:15 rule.enter                         LineContinuation
24:15-24:15 rule.fail                          LineContinuation
24:15-24:15 rule.fail                        ClassCharacter
24:15-24:15 rule.fail                      ClassCharacterRange
24:15-24:15 rule.enter                     ClassCharacter
24:15-24:15 rule.enter                       LineContinuation
24:15-24:15 rule.fail                        LineContinuation
24:15-24:15 rule.fail                      ClassCharacter
24:11-24:16 rule.match                   CharacterClassMatcher
24:11-24:16 rule.match                 PrimaryExpression
24:16-24:16 rule.enter                 __
24:16-24:16 rule.enter                   WhiteSpace
24:16-24:16 rule.fail                    WhiteSpace
24:16-24:16 rule.enter                   LineTerminatorSequence
24:16-24:16 rule.fail                    LineTerminatorSequence
24:16-24:16 rule.enter                   Comment
24:16-24:16 rule.enter                     MultiLineComment
24:16-24:16 rule.fail                      MultiLineComment
24:16-24:16 rule.enter                     SingleLineComment
24:16-24:16 rule.fail                      SingleLineComment
24:16-24:16 rule.fail                    Comment
24:16-24:16 rule.match                 __
24:16-24:16 rule.enter                 SuffixedOperator
24:16-24:17 rule.match                 SuffixedOperator
24:11-24:17 rule.match               SuffixedExpression
24:11-24:17 rule.match             PrefixedExpression
24:11-24:17 rule.match           LabeledExpression
24:17-24:17 rule.enter           __
24:17-24:17 rule.enter             WhiteSpace
24:17-24:17 rule.fail              WhiteSpace
24:17-24:17 rule.enter             LineTerminatorSequence
24:17-24:17 rule.fail              LineTerminatorSequence
24:17-24:17 rule.enter             Comment
24:17-24:17 rule.enter               MultiLineComment
24:17-24:17 rule.fail                MultiLineComment
24:17-24:17 rule.enter               SingleLineComment
24:17-24:17 rule.fail                SingleLineComment
24:17-24:17 rule.fail              Comment
24:17-24:17 rule.match           __
24:17-24:17 rule.enter           LabeledExpression
24:17-24:17 rule.enter             Pluck
24:17-24:17 rule.fail              Pluck
24:17-24:17 rule.enter             LabelColon
24:17-24:17 rule.enter               IdentifierName
24:17-24:17 rule.enter                 IdentifierStart
24:17-24:17 rule.fail                  IdentifierStart
24:17-24:17 rule.fail                IdentifierName
24:17-24:17 rule.fail              LabelColon
24:17-24:17 rule.enter             PrefixedExpression
24:17-24:17 rule.enter               PrefixedOperator
24:17-24:17 rule.fail                PrefixedOperator
24:17-24:17 rule.enter               SuffixedExpression
24:17-24:17 rule.enter                 PrimaryExpression
24:17-24:17 rule.enter                   LiteralMatcher
24:17-24:17 rule.enter                     StringLiteral
24:17-24:17 rule.fail                      StringLiteral
24:17-24:17 rule.fail                    LiteralMatcher
24:17-24:17 rule.enter                   CharacterClassMatcher
24:17-24:17 rule.fail                    CharacterClassMatcher
24:17-24:17 rule.enter                   AnyMatcher
24:17-24:17 rule.fail                    AnyMatcher
24:17-24:17 rule.enter                   RuleReferenceExpression
24:17-24:17 rule.enter                     IdentifierName
24:17-24:17 rule.enter                       IdentifierStart
24:17-24:17 rule.fail                        IdentifierStart
24:17-24:17 rule.fail                      IdentifierName
24:17-24:17 rule.fail                    RuleReferenceExpression
24:17-24:17 rule.enter                   SemanticPredicateExpression
24:17-24:17 rule.enter                     SemanticPredicateOperator
24:17-24:17 rule.fail                      SemanticPredicateOperator
24:17-24:17 rule.fail                    SemanticPredicateExpression
24:17-24:17 rule.fail                  PrimaryExpression
24:17-24:17 rule.enter                 RepeatedExpression
24:17-24:17 rule.enter                   PrimaryExpression
24:17-24:17 rule.enter                     LiteralMatcher
24:17-24:17 rule.enter                       StringLiteral
24:17-24:17 rule.fail                        StringLiteral
24:17-24:17 rule.fail                      LiteralMatcher
24:17-24:17 rule.enter                     CharacterClassMatcher
24:17-24:17 rule.fail                      CharacterClassMatcher
24:17-24:17 rule.enter                     AnyMatcher
24:17-24:17 rule.fail                      AnyMatcher
24:17-24:17 rule.enter                     RuleReferenceExpression
24:17-24:17 rule.enter                       IdentifierName
24:17-24:17 rule.enter                         IdentifierStart
24:17-24:17 rule.fail                          IdentifierStart
24:17-24:17 rule.fail                        IdentifierName
24:17-24:17 rule.fail                      RuleReferenceExpression
24:17-24:17 rule.enter                     SemanticPredicateExpression
24:17-24:17 rule.enter                       SemanticPredicateOperator
24:17-24:17 rule.fail                        SemanticPredicateOperator
24:17-24:17 rule.fail                      SemanticPredicateExpression
24:17-24:17 rule.fail                    PrimaryExpression
24:17-24:17 rule.fail                  RepeatedExpression
24:17-24:17 rule.enter                 PrimaryExpression
24:17-24:17 rule.enter                   LiteralMatcher
24:17-24:17 rule.enter                     StringLiteral
24:17-24:17 rule.fail                      StringLiteral
24:17-24:17 rule.fail                    LiteralMatcher
24:17-24:17 rule.enter                   CharacterClassMatcher
24:17-24:17 rule.fail                    CharacterClassMatcher
24:17-24:17 rule.enter                   AnyMatcher
24:17-24:17 rule.fail                    AnyMatcher
24:17-24:17 rule.enter                   RuleReferenceExpression
24:17-24:17 rule.enter                     IdentifierName
24:17-24:17 rule.enter                       IdentifierStart
24:17-24:17 rule.fail                        IdentifierStart
24:17-24:17 rule.fail                      IdentifierName
24:17-24:17 rule.fail                    RuleReferenceExpression
24:17-24:17 rule.enter                   SemanticPredicateExpression
24:17-24:17 rule.enter                     SemanticPredicateOperator
24:17-24:17 rule.fail                      SemanticPredicateOperator
24:17-24:17 rule.fail                    SemanticPredicateExpression
24:17-24:17 rule.fail                  PrimaryExpression
24:17-24:17 rule.fail                SuffixedExpression
24:17-24:17 rule.fail              PrefixedExpression
24:17-24:17 rule.fail            LabeledExpression
24:11-24:17 rule.match         SequenceExpression
24:17-24:17 rule.enter         __
24:17-24:17 rule.enter           WhiteSpace
24:17-24:17 rule.fail            WhiteSpace
24:17-24:17 rule.enter           LineTerminatorSequence
24:17-24:17 rule.fail            LineTerminatorSequence
24:17-24:17 rule.enter           Comment
24:17-24:17 rule.enter             MultiLineComment
24:17-24:17 rule.fail              MultiLineComment
24:17-24:17 rule.enter             SingleLineComment
24:17-24:17 rule.fail              SingleLineComment
24:17-24:17 rule.fail            Comment
24:17-24:17 rule.match         __
24:17-24:17 rule.enter         CodeBlock
24:17-24:17 rule.fail          CodeBlock
24:11-24:17 rule.match       ActionExpression
24:17-24:17 rule.enter       __
24:17-24:17 rule.enter         WhiteSpace
24:17-24:17 rule.fail          WhiteSpace
24:17-24:17 rule.enter         LineTerminatorSequence
24:17-24:17 rule.fail          LineTerminatorSequence
24:17-24:17 rule.enter         Comment
24:17-24:17 rule.enter           MultiLineComment
24:17-24:17 rule.fail            MultiLineComment
24:17-24:17 rule.enter           SingleLineComment
24:17-24:17 rule.fail            SingleLineComment
24:17-24:17 rule.fail          Comment
24:17-24:17 rule.match       __
24:11-24:17 rule.match     ChoiceExpression
24:17-24:17 rule.enter     EOS
24:17-24:17 rule.enter       __
24:17-24:17 rule.enter         WhiteSpace
24:17-24:17 rule.fail          WhiteSpace
24:17-24:17 rule.enter         LineTerminatorSequence
24:17-24:17 rule.fail          LineTerminatorSequence
24:17-24:17 rule.enter         Comment
24:17-24:17 rule.enter           MultiLineComment
24:17-24:17 rule.fail            MultiLineComment
24:17-24:17 rule.enter           SingleLineComment
24:17-24:17 rule.fail            SingleLineComment
24:17-24:17 rule.fail          Comment
24:17-24:17 rule.match       __
24:18-24:18 rule.enter       __
24:18-24:18 rule.enter         WhiteSpace
24:18-24:18 rule.fail          WhiteSpace
24:18-24:18 rule.enter         LineTerminatorSequence
24:18-24:18 rule.fail          LineTerminatorSequence
24:18-24:18 rule.enter         Comment
24:18-24:18 rule.enter           MultiLineComment
24:18-24:18 rule.fail            MultiLineComment
24:18-24:18 rule.enter           SingleLineComment
24:18-24:18 rule.fail            SingleLineComment
24:18-24:18 rule.fail          Comment
24:18-24:18 rule.match       __
24:17-24:18 rule.match     EOS
24:1-24:18 rule.match   Rule
24:18-24:18 rule.enter   __
24:18-24:18 rule.enter     WhiteSpace
24:18-24:18 rule.fail      WhiteSpace
24:18-24:18 rule.enter     LineTerminatorSequence
24:18-24:18 rule.fail      LineTerminatorSequence
24:18-24:18 rule.enter     Comment
24:18-24:18 rule.enter       MultiLineComment
24:18-24:18 rule.fail        MultiLineComment
24:18-24:18 rule.enter       SingleLineComment
24:18-24:18 rule.fail        SingleLineComment
24:18-24:18 rule.fail      Comment
24:18-24:18 rule.match   __
24:18-24:18 rule.enter   Rule
24:18-24:18 rule.fail    Rule
1:1-24:18 rule.match Grammar
{
  type: 'grammar',
  imports: [],
  topLevelInitializer: null,
  initializer: null,
  rules: [
    {
      type: 'rule',
      name: 'Config',
      nameLocation: {
        source: './test.meta',
        start: { offset: 45, line: 3, column: 6 },
        end: { offset: 51, line: 3, column: 12 }
      },
      arguments: null,
      expression: {
        type: 'zero_or_more',
        expression: {
          type: 'choice',
          alternatives: [
            {
              type: 'rule_ref',
              name: 'Entry',
              location: {
                source: './test.meta',
                start: { offset: 57, line: 4, column: 2 },
                end: { offset: 90, line: 4, column: 35 }
              },
              args: [
                { type: 'argument', value: 'max_connections' },
                {
                  type: 'argument',
                  value: [
                    'Integer',
                    {
                      source: './test.meta',
                      start: { offset: 82, line: 4, column: 27 },
                      end: { offset: 89, line: 4, column: 34 }
                    }
                  ]
                }
              ]
            },
            {
              type: 'rule_ref',
              name: 'Entry',
              location: {
                source: './test.meta',
                start: { offset: 94, line: 5, column: 4 },
                end: { offset: 126, line: 5, column: 36 }
              },
              args: [
                { type: 'argument', value: 'enable_logging' },
                {
                  type: 'argument',
                  value: [
                    'Boolean',
                    {
                      source: './test.meta',
                      start: { offset: 118, line: 5, column: 28 },
                      end: { offset: 125, line: 5, column: 35 }
                    }
                  ]
                }
              ]
            }
          ],
          location: {
            source: './test.meta',
            start: { offset: 57, line: 4, column: 2 },
            end: { offset: 126, line: 5, column: 36 }
          }
        },
        location: {
          source: './test.meta',
          start: { offset: 54, line: 3, column: 15 },
          end: { offset: 129, line: 6, column: 3 }
        }
      },
      location: {
        source: './test.meta',
        start: { offset: 40, line: 3, column: 1 },
        end: { offset: 130, line: 6, column: 4 }
      }
    },
    {
      type: 'rule',
      name: 'Entry',
      nameLocation: {
        source: './test.meta',
        start: { offset: 137, line: 8, column: 6 },
        end: { offset: 142, line: 8, column: 11 }
      },
      arguments: [
        {
          name: 'key',
          value: {
            source: './test.meta',
            start: { offset: 148, line: 8, column: 17 },
            end: { offset: 154, line: 8, column: 23 }
          },
          shorthand: false
        },
        {
          name: 'value',
          value: {
            source: './test.meta',
            start: { offset: 163, line: 8, column: 32 },
            end: { offset: 167, line: 8, column: 36 }
          },
          shorthand: false
        }
      ],
      expression: {
        type: 'action',
        expression: {
          type: 'sequence',
          elements: [
            {
              type: 'rule_ref',
              name: 'key',
              location: {
                source: './test.meta',
                start: { offset: 174, line: 9, column: 3 },
                end: { offset: 177, line: 9, column: 6 }
              },
              args: null
            },
            {
              type: 'rule_ref',
              name: '__',
              location: {
                source: './test.meta',
                start: { offset: 178, line: 9, column: 7 },
                end: { offset: 180, line: 9, column: 9 }
              },
              args: null
            },
            {
              type: 'literal',
              value: '=',
              ignoreCase: false,
              location: {
                source: './test.meta',
                start: { offset: 181, line: 9, column: 10 },
                end: { offset: 184, line: 9, column: 13 }
              }
            },
            {
              type: 'rule_ref',
              name: '__',
              location: {
                source: './test.meta',
                start: { offset: 185, line: 9, column: 14 },
                end: { offset: 187, line: 9, column: 16 }
              },
              args: null
            },
            {
              type: 'labeled',
              label: 'parsedValue',
              labelLocation: {
                source: './test.meta',
                start: { offset: 188, line: 9, column: 17 },
                end: { offset: 199, line: 9, column: 28 }
              },
              expression: {
                type: 'rule_ref',
                name: 'value',
                location: {
                  source: './test.meta',
                  start: { offset: 200, line: 9, column: 29 },
                  end: { offset: 205, line: 9, column: 34 }
                },
                args: null
              },
              location: {
                source: './test.meta',
                start: { offset: 188, line: 9, column: 17 },
                end: { offset: 205, line: 9, column: 34 }
              }
            },
            {
              type: 'rule_ref',
              name: '__',
              location: {
                source: './test.meta',
                start: { offset: 206, line: 9, column: 35 },
                end: { offset: 208, line: 9, column: 37 }
              },
              args: null
            },
            {
              type: 'literal',
              value: ';',
              ignoreCase: false,
              location: {
                source: './test.meta',
                start: { offset: 209, line: 9, column: 38 },
                end: { offset: 212, line: 9, column: 41 }
              }
            }
          ],
          location: {
            source: './test.meta',
            start: { offset: 174, line: 9, column: 3 },
            end: { offset: 212, line: 9, column: 41 }
          }
        },
        code: '\n    return {\n      key,\n      value: parsedValue\n    };\n  ',
        codeLocation: {
          source: './test.meta',
          start: { offset: 214, line: 9, column: 43 },
          end: { offset: 273, line: 14, column: 3 }
        },
        location: {
          source: './test.meta',
          start: { offset: 174, line: 9, column: 3 },
          end: { offset: 274, line: 14, column: 4 }
        }
      },
      location: {
        source: './test.meta',
        start: { offset: 132, line: 8, column: 1 },
        end: { offset: 275, line: 15, column: 1 }
      }
    },
    {
      type: 'rule',
      name: 'Integer',
      nameLocation: {
        source: './test.meta',
        start: { offset: 281, line: 16, column: 6 },
        end: { offset: 288, line: 16, column: 13 }
      },
      arguments: null,
      expression: {
        type: 'action',
        expression: {
          type: 'one_or_more',
          expression: {
            type: 'class',
            parts: [ [ '0', '9' ] ],
            inverted: false,
            ignoreCase: false,
            location: {
              source: './test.meta',
              start: { offset: 291, line: 16, column: 16 },
              end: { offset: 296, line: 16, column: 21 }
            }
          },
          location: {
            source: './test.meta',
            start: { offset: 291, line: 16, column: 16 },
            end: { offset: 297, line: 16, column: 22 }
          }
        },
        code: '\n  return toint(text());\n',
        codeLocation: {
          source: './test.meta',
          start: { offset: 299, line: 16, column: 24 },
          end: { offset: 324, line: 18, column: 1 }
        },
        location: {
          source: './test.meta',
          start: { offset: 291, line: 16, column: 16 },
          end: { offset: 325, line: 18, column: 2 }
        }
      },
      location: {
        source: './test.meta',
        start: { offset: 276, line: 16, column: 1 },
        end: { offset: 326, line: 19, column: 1 }
      }
    },
    {
      type: 'rule',
      name: 'Boolean',
      nameLocation: {
        source: './test.meta',
        start: { offset: 332, line: 20, column: 6 },
        end: { offset: 339, line: 20, column: 13 }
      },
      arguments: null,
      expression: {
        type: 'choice',
        alternatives: [
          {
            type: 'literal',
            value: 'true',
            ignoreCase: false,
            location: {
              source: './test.meta',
              start: { offset: 342, line: 20, column: 16 },
              end: { offset: 348, line: 20, column: 22 }
            }
          },
          {
            type: 'action',
            expression: {
              type: 'literal',
              value: 'false',
              ignoreCase: false,
              location: {
                source: './test.meta',
                start: { offset: 351, line: 20, column: 25 },
                end: { offset: 358, line: 20, column: 32 }
              }
            },
            code: '\n  return text() == "true";\n',
            codeLocation: {
              source: './test.meta',
              start: { offset: 360, line: 20, column: 34 },
              end: { offset: 388, line: 22, column: 1 }
            },
            location: {
              source: './test.meta',
              start: { offset: 351, line: 20, column: 25 },
              end: { offset: 389, line: 22, column: 2 }
            }
          }
        ],
        location: {
          source: './test.meta',
          start: { offset: 342, line: 20, column: 16 },
          end: { offset: 389, line: 22, column: 2 }
        }
      },
      location: {
        source: './test.meta',
        start: { offset: 327, line: 20, column: 1 },
        end: { offset: 390, line: 23, column: 1 }
      }
    },
    {
      type: 'rule',
      name: '__',
      nameLocation: {
        source: './test.meta',
        start: { offset: 396, line: 24, column: 6 },
        end: { offset: 398, line: 24, column: 8 }
      },
      arguments: null,
      expression: {
        type: 'zero_or_more',
        expression: {
          type: 'class',
          parts: [ ' ', '\t' ],
          inverted: false,
          ignoreCase: false,
          location: {
            source: './test.meta',
            start: { offset: 401, line: 24, column: 11 },
            end: { offset: 406, line: 24, column: 16 }
          }
        },
        location: {
          source: './test.meta',
          start: { offset: 401, line: 24, column: 11 },
          end: { offset: 407, line: 24, column: 17 }
        }
      },
      location: {
        source: './test.meta',
        start: { offset: 391, line: 24, column: 1 },
        end: { offset: 408, line: 24, column: 18 }
      }
    }
  ],
  location: {
    source: './test.meta',
    start: { offset: 0, line: 1, column: 1 },
    end: { offset: 408, line: 24, column: 18 }
  }
}
